<author lang="en">
	<documents>
		<document><![CDATA[moments before the first look.... https://t.co/RQBVpiizwy]]></document>
		<document><![CDATA[Stephanie + Nick amongst the windmills yesterday https://t.co/c6oYBCPqLH]]></document>
		<document><![CDATA[Hello Canada &lt;3 I'll be making my way through your beautiful country later this year.

During this time I'll be... https://t.co/FcGh7IYwfd]]></document>
		<document><![CDATA[I was lucky enough to spend my weekend with these two kick-ass humans :) 

congrats on your amazing day Will &amp; Jess! https://t.co/viXgQTwUPF]]></document>
		<document><![CDATA[Morgan + Charlotte &lt;3 taken while hanging out with the talented Candy Capco Photography last weekend https://t.co/8spnJw0U1V]]></document>
		<document><![CDATA[how lucky i feel to call this place home &lt;3 https://t.co/RD7UyEdUlw]]></document>
		<document><![CDATA[love in black + white https://t.co/pJyzqjFG3Y]]></document>
		<document><![CDATA[wedding day happiness :) https://t.co/sWJRM0beS5]]></document>
		<document><![CDATA[Recently I was lucky enough to spend a few days in Raglan with a bundle of kick-ass photographers and artists... https://t.co/cUUMpYI7mi]]></document>
		<document><![CDATA[a few frames taken on a drizzly day , ft. my beautiful friend Eileen &lt;3 https://t.co/ZEN3acPCqM]]></document>
		<document><![CDATA[Have put together my first blog post of 2016 - yep, it's been a while!! Some highlights from my summer;... https://t.co/GozvpeiOds]]></document>
		<document><![CDATA[i had so much fun venturing around the south coast with these two wonderful people last month!

a few frames of... https://t.co/lRSKydeHwQ]]></document>
		<document><![CDATA[As the summer of 2015/2016 is coming to a close, I'm sending massive high fives to all of the wonderful couples,... https://t.co/0yRCL3YWii]]></document>
		<document><![CDATA[the final frame i took of Nancy &amp; Brett before i left them to their party in Pahiatua... pure happiness :) https://t.co/8HWMYuPODo]]></document>
		<document><![CDATA[Nancy &amp; Brett ft. a sneaky photobomb by a local in Pahiatua https://t.co/3GJeBJ6iAG]]></document>
		<document><![CDATA[beautiful Briony... glowing :) https://t.co/Y78FTn35R1]]></document>
		<document><![CDATA[Owen &amp; Emily &amp; a little moment in between... https://t.co/2cWDRXDnjI]]></document>
		<document><![CDATA[amongst the chaos, enjoying a mandatory pre-wedding nap before her (very important) flower girl duties begin! https://t.co/hY72e4QiRL]]></document>
		<document><![CDATA[Recently, some talented friends and I got together and made a video..

Directed by my kickass pal Sadie Wilson ,... https://t.co/tsGB5V9fO1]]></document>
		<document><![CDATA[Jenn &amp; Tom, magic moments in the magic hour ... https://t.co/g72myGY6fq]]></document>
		<document><![CDATA[Emily &amp; Owen , freshly married &lt;3 https://t.co/BUJjw5qqoh]]></document>
		<document><![CDATA[the aftermath to me saying something ridiculous like " okay, look to your neighbour and do the most over-the-top... https://t.co/LYpRHg3xyZ]]></document>
		<document><![CDATA[amazing how time flies... it was this time last year that I was hanging with these two in Nelson photographing... https://t.co/cEcqbhhIfY]]></document>
		<document><![CDATA[*sun-seekers* 

There's a bundle of images from the urban adventure with Tom &amp; Jenn, now up on Clipic :)

( link... https://t.co/YAWCK7pVjI]]></document>
		<document><![CDATA[venturing around Wellington with these two smiley people - so much fun &lt;3 https://t.co/7cIwK7mTvV]]></document>
		<document><![CDATA[under the willow tree... https://t.co/7GnVDumxB4]]></document>
		<document><![CDATA[Jenn &amp; Tom ft. sunshine :)

2 weeks till their big day, exciting times ahead! https://t.co/WYoXkEzsZy]]></document>
		<document><![CDATA[moments in black &amp; white ... https://t.co/3LIU6OrqD5]]></document>
		<document><![CDATA[Kicked off my 2016 wedding season on a high, spending my time with these two awesome humans who were married over... https://t.co/a2Ofbsk7XM]]></document>
		<document><![CDATA[Dog on scooter :) spotted just outside the village of Kukup, Malaysia.

More images and words from my time here... https://t.co/TieRT8Zi6i]]></document>
		<document><![CDATA[A jumble of images and words from my recent travels through South East Asia are now on the bloggity ...... http://t.co/11CKfTxHOu]]></document>
		<document><![CDATA[I've been putting together a collection of images and words from my recent adventures in South East Asia... I... http://t.co/l3YqWQSBZ1]]></document>
		<document><![CDATA[I'm so excited to share this with all of you,

Clipic now has a fresh new website! :)

check it out,... http://t.co/XQWojrYIHg]]></document>
		<document><![CDATA[Caught in a downpour in Sihanoukville, Cambodia http://t.co/cn5dSGK9kW]]></document>
		<document><![CDATA[The past few weeks have been a whirlwind for me.. I've been backpacking through South East Asia, and I've... http://t.co/Pd0ZTOk5ai]]></document>
		<document><![CDATA["when she finally stopped looking backwards, suddenly the road ahead looked like a beautiful adventure. 
besides,... http://t.co/d4qdMxgdw8]]></document>
		<document><![CDATA[I must admit, I have been a little bit disconnected from my photography lately… and not at all because I’ve lost... http://t.co/ADUOLYBHz8]]></document>
		<document><![CDATA[softly ... http://t.co/pFSmztWGDX]]></document>
		<document><![CDATA[a moment with these two lovebirds... http://t.co/tdCgj0szs0]]></document>
		<document><![CDATA[Yesterday I spent the day at my final wedding of the 2014/2015 season ! Wowzers, how time has flown...

And what... http://t.co/3BkjRcsAW3]]></document>
		<document><![CDATA[self portrait, playing around with a bit of bokeh-pano... it's not perfect but it's a start :) http://t.co/t8CFtVq0vD]]></document>
		<document><![CDATA[i sent a little package away to these two which should be arriving today :) yippee http://t.co/bSwLS4HPEE]]></document>
		<document><![CDATA[These two have been featured today over at Paper &amp; Lace  &lt;3 excited dance ! http://t.co/aq7FUzsAwZ]]></document>
		<document><![CDATA[Blue skies and a crazy awesome bridal party = best day http://t.co/3YRPyjH8CI]]></document>
		<document><![CDATA[A frame from the weekend, soaking up the final rays of sunshine with these two wonderful people &lt;3 

HUUGE... http://t.co/KwmhTPeh6v]]></document>
		<document><![CDATA[I've been a huge admirer of Fer Juaristi. Wedding Photographer for so long... yesterday i had the opportunity to... http://t.co/5XTFegps6S]]></document>
		<document><![CDATA[Congrats Dylan &amp; Brittney !! It was so so special being there to photograph you two yesterday.

I'll be sharing a... http://t.co/OvFqlSIvuk]]></document>
		<document><![CDATA[Amanda + Vitoria + their awesome bridal party.
Often I have days where I completely forget that this is a job... http://t.co/rlxRaQCsbd]]></document>
		<document><![CDATA[a quiet little moment with Caroline, before she became a Mrs .... http://t.co/EvJhKxxw8C]]></document>
		<document><![CDATA[a frame from the weekend, in the final rays of sunshine with Sophie + Tom http://t.co/Ss40tEi2xe]]></document>
		<document><![CDATA[Spot the bride &amp; groom..... http://t.co/K3oRP7RaQq]]></document>
		<document><![CDATA[Yesterday was so full of love, i left Amanda &amp; Vitoria's wedding feeling on top of the world &lt;3 http://t.co/eZ10oU3e8i]]></document>
		<document><![CDATA[Another little frame of Adam &amp; Alice &lt;3

Feeling so grateful for all of the wonderful couples I've had the... http://t.co/5HIyZJFFyF]]></document>
		<document><![CDATA[Spent the day with these two yesterday &lt;3
Congrats Caroline &amp; Kieran, thanks a million for having me along :) http://t.co/ImyIAVukwc]]></document>
		<document><![CDATA[Before Gina &amp; Mark’s wedding, I spent so much time chasing the light, I strongly believed that light was... http://t.co/6xjJs5eF1e]]></document>
		<document><![CDATA[Here's a sneaky frame from an epic weekend spent up in Waihi beach with Adam &amp; Alice.

Congrats on gettin’... http://t.co/nQsP3UbqEF]]></document>
		<document><![CDATA[I have been so darn lucky with all the beautiful weddings I've had the pleasure of being a part of this season!... http://t.co/hx1N5JweJB]]></document>
		<document><![CDATA[I had such a rad time with these two on the weekend! They had a beautiful ceremony at Lacewood followed by an... http://t.co/apmpBAKfgs]]></document>
		<document><![CDATA[a frame from a recent evening spent with friends, in the last little droplets of light.
i never want this summer... http://t.co/02ow42pWZ5]]></document>
		<document><![CDATA[Confession... I've been struggling to pick just one image alone to share from this amazing day, so instead I made... http://t.co/K6jX5HneFj]]></document>
		<document><![CDATA[Feeling so grateful this evening reading these beautiful, heartfelt words from Gina &amp; Mark &lt;3 http://t.co/PQPvQFwuhi]]></document>
		<document><![CDATA[Feeling so grateful this evening reading these beautiful, heartfelt words from Gina &amp; Mark &lt;3 http://t.co/plOaenZaQp]]></document>
		<document><![CDATA[This little cutie is Ryder, managing to steal the limelight for a moment on his parent's special day ;) http://t.co/CM2j9X2ZMY]]></document>
		<document><![CDATA[Another sneaky little frame from the epic-ness that was Leo &amp; Isaac's day, taken just moments after their... http://t.co/5whz0H4Ttz]]></document>
		<document><![CDATA[Leo &amp; Isaac &lt;3 in the glow of the magic hour http://t.co/tl8ligQCnI]]></document>
		<document><![CDATA[how many of you guys are instagrammers?

Clipic is a little late to the party... but has FINALLY joined the... http://t.co/VGr1ecJsFP]]></document>
		<document><![CDATA[If you were to ask me why i love shooting weddings so much, the answer to that is so simple.... i just really... http://t.co/EAWit2eYF4]]></document>
		<document><![CDATA[Couldn't resist sharing another sneaky little frame of Briony &lt;3

Looove her dress by Bobby-lee Design's http://t.co/0UhfZIgGON]]></document>
		<document><![CDATA[Hope everyone had a fabulous weekend! I spent my Saturday hangin' with this lovely lady :) beautiful newlywed... http://t.co/jNgF6ntE1j]]></document>
		<document><![CDATA[just a casual skinny dip in the ocean ahead of Gina &amp; Mark's nuptials last Saturday.... #betterworkstories http://t.co/3gCys5uEZg]]></document>
		<document><![CDATA[2000 likes for Clipic! Wowzzers... thanks a million everyone !! it feels like only yesterday that I peaked at 100... http://t.co/DTKJb0IQUS]]></document>
		<document><![CDATA[Briony + James - hitched yesterday in beautiful, sunny Nelson &lt;3

Yet another magic day where i pretty much felt... http://t.co/tpq1ppsHXJ]]></document>
		<document><![CDATA[I'm pretty sure that if you searched for the word 'adorable' in the dictionary, these two would appear. Fact.

So... http://t.co/sETlyoTdxL]]></document>
		<document><![CDATA[Sending off a little parcel to these two today &lt;3 fingers and toes crossed it arrives in time for Christmas! http://t.co/xRzedhzLJw]]></document>
		<document><![CDATA[Something a little bit different.... A wedding film I made for one remarkable couple named Lauren + Jonny.

It... http://t.co/k6DhcCkv2j]]></document>
		<document><![CDATA[Something a little bit different.... A wedding film I made for one remarkable couple named Lauren + Jonny.

It... http://t.co/Z7GxjQym1p]]></document>
		<document><![CDATA[Cadence tearing up the d' floor , educating us on how it's done...
#flowerguurltellem http://t.co/MYKrQ9UYLU]]></document>
		<document><![CDATA[I posted 35 photos on Facebook in the album "Wanderer" http://t.co/ManDa7m2Yw]]></document>
		<document><![CDATA[Kylee + Wannak + their good-lookin' bridal party http://t.co/3MHTEiv1fB]]></document>
		<document><![CDATA[Yesterday was very special... Wannak here is a dear old friend of mine, so when he asked me to be his wedding... http://t.co/WYEFtgwb7j]]></document>
		<document><![CDATA[new post on Clipic :) a series from a spontaneous shoot the other evening with my lovely pal Shalomé:... http://t.co/mRQhbd4wHm]]></document>
		<document><![CDATA[spending this chilly evening keeping snug inside, editing the images from my little adventure with Shalomé last... http://t.co/UDqQx3Hr1t]]></document>
		<document><![CDATA[in the final little droplets of light http://t.co/rPrgXx9p5O]]></document>
		<document><![CDATA[i could rattle on for aaages about how flippin' cool Ben &amp; Aimee are and how perfect their day was yesterday !... http://t.co/74aEhRBYEZ]]></document>
		<document><![CDATA[watching the sky turn golden the other evening....

have added a brand new post with a bunch more frames, you can... http://t.co/yhtxDV8kYF]]></document>
		<document><![CDATA[day #11

we had some of the most beautiful colours in the sky this evening &lt;3 http://t.co/GfZInyYth3]]></document>
		<document><![CDATA[day #10,

I have so many images hidden away on my hard drives ! Like this little gem I stumbled across tonight... http://t.co/j8Z9nhCCCs]]></document>
		<document><![CDATA[Day #9,

My kind of paradise, right here in New Zealand &lt;3 http://t.co/qIDSOD19TT]]></document>
		<document><![CDATA[Day #8,

Beautiful Lauren looking positively chuffed to be a Mrs :) ... http://t.co/FxlUjZxbmC]]></document>
		<document><![CDATA[Day #7 (slightly overdue, heh..) 

taken just now, in this afternoon's light ...

two weeks ago, right after I... http://t.co/no5HYl03hW]]></document>
		<document><![CDATA[brand spankin' new post on Clipic - Photography + Video! yay :)

a little collection of frames from an afternoon... http://t.co/JSHszjlx5K]]></document>
		<document><![CDATA[day #5

view from the back seat,

coming home to wellington..... http://t.co/jxZEi3dBTN]]></document>
		<document><![CDATA[Leo + Isaac's engagement session has been featured! 

You can read their story and view the images over at Paper... http://t.co/5OtVV1TTbK]]></document>
		<document><![CDATA[day #4 
(just managed to sneak this one in, precisely 14 mins before midnight ! yuss. nailed it.)

a frame from a... http://t.co/oWBt07IL88]]></document>
		<document><![CDATA[day #3

another frame from my little adventure with the wonderful Amy Kate Photography ,

such a beauty, inside... http://t.co/BLE2aOj5Tk]]></document>
		<document><![CDATA[day #2

(haha, yes, i know my post is delayed by a day :P ...)

about a month ago, a friend of mine sent me a... http://t.co/viTehI5aZn]]></document>
		<document><![CDATA[I'm sure you've all noticed how quiet little ol' clipic has been lately... 

I've been working full time on a... http://t.co/KL8zSmL7Wi]]></document>
		<document><![CDATA[Another little self portrait, taken this evening as the light was just about to disappear.... http://t.co/uQWzRgr1bg]]></document>
		<document><![CDATA[I recently spent a wonderful wintery afternoon with Larissa &amp; Isaac :)

the images from this adventure are now up... http://t.co/IAEARuOYKo]]></document>
		<document><![CDATA[I was so chuffed to be sent this last night! The super talented Lisa Martin has done a beautiful illustration of... http://t.co/dtOVIiAX00]]></document>
	</documents>
</author>