<author lang="en">
	<documents>
		<document><![CDATA[Optimist people are not just cheerful people, they have better relationships and have to deal with less anxiety, stress &amp; depression.]]></document>
		<document><![CDATA[We cannot solve our problems with the same thinking we used when we created them. - Albert Einstein https://t.co/qF9s1UTknH]]></document>
		<document><![CDATA[Our biggest fear is not failure, rejection or death but being ourselves. Let go of all the masks and just BE.]]></document>
		<document><![CDATA[Give Back Thursday
Find ways to give back to others today- could be buying a coffee, donating old clothes or a smil… https://t.co/sUmKEiPYRf]]></document>
		<document><![CDATA[Don't worry about what others think of you. Just BE! https://t.co/58RedbLw07]]></document>
		<document><![CDATA[From passion &amp; love, everything is possible. https://t.co/E4WO9Dx2QK]]></document>
		<document><![CDATA[Do not dwell in the past, do not dream of the future, concentrate the mind on the present moment. - Buddha https://t.co/GFsQWDpsrq]]></document>
		<document><![CDATA[Don't worry about making mistakes or taking risks. Have the courage to say "yes" to life". https://t.co/9uL3t9iWm4]]></document>
		<document><![CDATA[Thinking: the talking of the soul with itself. - Plato https://t.co/0q2fOkLp84]]></document>
		<document><![CDATA[Very little is needed to make a happy life; it is all within yourself, in your way of thinking. - Marcus Aurelius https://t.co/PMFaKtlpLC]]></document>
		<document><![CDATA[Give Back Thursday
Find ways to give back to others today- could be buying a coffee, donating old clothes or a smil… https://t.co/O9i7b7Qcu9]]></document>
		<document><![CDATA[We cannot solve our problems with the same thinking we used when we created them.
Albert Einstein https://t.co/SULwgoVKRJ]]></document>
		<document><![CDATA[Be impeccable with your words, not just what you say to others but ALSO what you say to yourself.]]></document>
		<document><![CDATA[Keep love in your heart. A life without it is like a sunless garden when the flowers are dead. - Oscar Wilde https://t.co/ef5PyFtxf9]]></document>
		<document><![CDATA[Do you 100% believe that you will achieve your dream? Can you imagine living that future 'dream' of yours NOW? https://t.co/JDsOSfzrQl]]></document>
		<document><![CDATA[Give Back Thursday
Find ways to give back to others today- could be buying a coffee, donating old clothes or a smil… https://t.co/cU6ObAst78]]></document>
		<document><![CDATA[The world you see is the result of your perceptions. https://t.co/IYQLe1ayQb]]></document>
		<document><![CDATA[Do not take success or failure personally.]]></document>
		<document><![CDATA[There is only one happiness in this life, to love and be loved. - George Sand https://t.co/HXpeYb4Qwn]]></document>
		<document><![CDATA[Our biggest fear is not failure, rejection or death but being ourselves. Let go of all the masks and just BE.]]></document>
		<document><![CDATA[Optimist people are not just cheerful people, they have better relationships and have to deal with less anxiety, stress &amp; depression.]]></document>
		<document><![CDATA[It is the mark of an educated mind to be able to entertain a thought without accepting it. - Aristotle https://t.co/wEsjD5p8nJ]]></document>
		<document><![CDATA[Friends show their love in times of trouble, not in happiness. - Euripides https://t.co/OU9vnsV08s]]></document>
		<document><![CDATA[Do not dwell in the past, do not dream of the future, concentrate the mind on the present moment. - Buddha https://t.co/xPZRuZZ4dR]]></document>
		<document><![CDATA[If you’ve struggled to follow through with your goals in past, you may find it helpful to answer these questions: https://t.co/X0qazj5JJO]]></document>
		<document><![CDATA[Want to make 2017 Your Year? Then answer these questions: https://t.co/Mg77a0VxvK https://t.co/5o9qZ3gYfU]]></document>
		<document><![CDATA[Success is a journey where you grow daily as a person and give your best to every single moment. https://t.co/C6sF44MhKq]]></document>
		<document><![CDATA[Check this out before planning your 2017 goals. https://t.co/hakZYkkhMI
Happy goal setting. https://t.co/Z7fcEwnHx4]]></document>
		<document><![CDATA[You cannot have a positive life and a negative mind. - Joyce Meyer https://t.co/nm5G0A8Kc1]]></document>
		<document><![CDATA[Your intellect may be confused, but your emotions will never lie to you. - Roger Ebert https://t.co/LDP54goeIS]]></document>
		<document><![CDATA[Optimist people are not just cheerful people, they have better relationships and have to deal with less anxiety, stress &amp; depression.]]></document>
		<document><![CDATA[Keep love in your heart. A life without it is like a sunless garden when the flowers are dead. - Oscar Wilde https://t.co/BXOjOCd4gr]]></document>
		<document><![CDATA[It is the mark of an educated mind to be able to entertain a thought without accepting it. - Aristotle https://t.co/gSDc6PPGS6]]></document>
		<document><![CDATA[Your mind is the fertile ground for the beliefs and ideas so avoid giving it negativity and fear based ideas.]]></document>
		<document><![CDATA[Take responsibility for your actions instead of judging or blaming yourself.]]></document>
		<document><![CDATA[Get up every single morning and give your best in all you do.]]></document>
		<document><![CDATA["The best competition I have is against myself to become better."  - John Wooden]]></document>
		<document><![CDATA[Make each day your very best.]]></document>
		<document><![CDATA[Give the gift of growth to your loved ones this Xmas- a 90 mins coaching session to make 2017 their Best Year Ever.… https://t.co/WblmcuTUmZ]]></document>
		<document><![CDATA[Check out John Wooden's ten pearls of wisdom here. https://t.co/8DpanpZRXQ]]></document>
		<document><![CDATA[Still looking for Christmas presents for your loved ones? Give the gift of growth this holiday season. https://t.co/JSZcfpy3BL]]></document>
		<document><![CDATA[Be impeccable with your words, not just what you say to others but ALSO what you say to yourself.]]></document>
		<document><![CDATA[Our biggest fear is not failure, rejection or death but being ourselves. Let go of all the masks and just BE.]]></document>
		<document><![CDATA[Do not dwell in the past, do not dream of the future, concentrate the mind on the present moment. - Buddha https://t.co/rcoQtgg6eE]]></document>
		<document><![CDATA[Let your words heal rather than wound. Louise Hay https://t.co/5XX38H14Eo]]></document>
		<document><![CDATA[Sitting on your shoulders is the most complicated object in the known universe. - Michio Kaku https://t.co/sWrFzzK4CG]]></document>
		<document><![CDATA[“The eternal, blissful and natural state has been smothered by this life of ignorance.” - Sri Ramana Maharshi https://t.co/BUSAb7QUHJ]]></document>
		<document><![CDATA["Abandon your belief in deprivation." - A Course in Miracles https://t.co/hFfaGEeXAZ]]></document>
		<document><![CDATA[Friends show their love in times of trouble, not in happiness. - Euripides https://t.co/DigNggkbpa]]></document>
		<document><![CDATA[There is only one happiness in this life, to love and be loved. - George Sand https://t.co/OF44mWpbMh]]></document>
		<document><![CDATA[Don't be afraid of happiness!]]></document>
		<document><![CDATA[Success is a journey where you grow daily as a person and give your best to every single moment. https://t.co/UkJdGp4b79]]></document>
		<document><![CDATA["Whatever you do in life, surround yourself with smart people who will argue with you." - John Wooden https://t.co/loeZdY9HJR]]></document>
		<document><![CDATA[Stay present when around family and friends. https://t.co/umQCWkO35Q]]></document>
		<document><![CDATA[You can't make/force others to think positive but you can always plant a seed of positive thought for those around… https://t.co/u6YjVNH4aG]]></document>
		<document><![CDATA[Everyone is on their own path and it is not your responsibility to change them. So let go and just be! https://t.co/d2tvREczTB]]></document>
		<document><![CDATA[Optimist people are not just cheerful people, they have better relationships and have to deal with less anxiety, stress &amp; depression.]]></document>
		<document><![CDATA[Do not allow yourself to get lost in past or what yet to come. https://t.co/N617B0uXaj]]></document>
		<document><![CDATA[Flowers are restful to look at. They have neither emotions nor conflicts. - Sigmund Freud https://t.co/B1ObkrKpqO]]></document>
		<document><![CDATA[Keep love in your heart. A life without it is like a sunless garden when the flowers are dead. - Oscar Wilde https://t.co/EChu1rhCVd]]></document>
		<document><![CDATA[Your intellect may be confused, but your emotions will never lie to you. - Roger Ebert https://t.co/ZtLDHUTCFV]]></document>
		<document><![CDATA[It is the mark of an educated mind to be able to entertain a thought without accepting it. - Aristotle https://t.co/gZ4Khfb4zG]]></document>
		<document><![CDATA[Sometimes the heart sees what is invisible to the eye. - H. Jackson Brown, Jr. https://t.co/ZaGtGqIzWt]]></document>
		<document><![CDATA[Failure offers the opportunity to grow and path to the next level. Allow yourself to fail and let failure take you to success &amp; fulfilment.]]></document>
		<document><![CDATA[You cannot have a positive life and a negative mind. - Joyce Meyer https://t.co/iMhNjLdB3Q]]></document>
		<document><![CDATA[Put your heart, mind, and soul into even your smallest acts. This is the secret of success. - Swami Sivananda https://t.co/ygb5KoWWoI]]></document>
		<document><![CDATA[Do not dwell in the past, do not dream of the future, concentrate the mind on the present moment. - Buddha https://t.co/nNLygKRyqk]]></document>
		<document><![CDATA[Respect and honour every single moment of your life.]]></document>
		<document><![CDATA[Sitting on your shoulders is the most complicated object in the known universe. - Michio Kaku https://t.co/EA7mVGEplu]]></document>
		<document><![CDATA[Success is simple. Do what's right, the right way, at the right time. - Arnold H. Glasow https://t.co/OjH98tayid]]></document>
		<document><![CDATA[Let your words heal rather than wound. Louise Hay https://t.co/A4aWCoAmre]]></document>
		<document><![CDATA[Aim for progress not perfection. https://t.co/qE092Nlvk1]]></document>
		<document><![CDATA[There are no limitations to the self except those you believe in. – Jane Roberts https://t.co/IEuMVp9fnf]]></document>
		<document><![CDATA[I listen with my heart and hear myself. - Alan Cohen https://t.co/3LBXsBb0AT]]></document>
		<document><![CDATA[Become a conscious vessel for the life force that is always flowing through you. - Christiane Northrup https://t.co/BNJKpUYDJb]]></document>
		<document><![CDATA[You are meant to shine! https://t.co/Pe6pbcxY8e]]></document>
		<document><![CDATA[I step out beyond the known to claim the riches of my true potential. - Alan Cohen https://t.co/7deFG11p72]]></document>
		<document><![CDATA[Own your true self. https://t.co/enlIpCb5ef]]></document>
		<document><![CDATA[Today is the tomorrow that you have been waiting for to ……………………..]]></document>
		<document><![CDATA[Want to know what 2017 will look like? https://t.co/J5qp6xn8e3 https://t.co/cWaLmKA7HV]]></document>
		<document><![CDATA[What have your beliefs created in your life so far?]]></document>
		<document><![CDATA[Give yourself the permission to move out of the past and live in present.]]></document>
		<document><![CDATA[Why do you mostly doubt  the positive and not the negative?]]></document>
		<document><![CDATA[Let us always meet each other with smile, for the smile is the beginning of love. - Mother Teresa https://t.co/0PEniJsCPH]]></document>
		<document><![CDATA[Let your words heal rather than wound. Louise Hay https://t.co/0E0bSYfcUm]]></document>
		<document><![CDATA[Each relationship has at its heart, a holy purpose. - Doreen Virtue https://t.co/wvskassofV]]></document>
		<document><![CDATA[Ignore the end result, and make the process your goal. https://t.co/yKK4qqgERB]]></document>
		<document><![CDATA[Happiness lies within you. Don't waste time and effort looking for it in the outside world. https://t.co/7KJzT0OXb5]]></document>
		<document><![CDATA[Stop playing small to please the people around you.]]></document>
		<document><![CDATA[Big dream requires big action.]]></document>
		<document><![CDATA[If you are waiting for perfect timing to start something, you are always going to be waiting.]]></document>
		<document><![CDATA[Do what you love! https://t.co/0EDduHIdzf]]></document>
		<document><![CDATA[Choose to enjoy living the life!]]></document>
		<document><![CDATA[Life is about the choices you make.]]></document>
		<document><![CDATA[“Stay hungry. Stay foolish.” - Steve Jobs https://t.co/vV1As3UsjK]]></document>
		<document><![CDATA[To live a life that’s true to yourself, you need to live your values &amp; follow your dreams even when your choices ar… https://t.co/JkBGOZz6nI]]></document>
		<document><![CDATA[Make the most of your mornings. https://t.co/QGr72Bna7a]]></document>
		<document><![CDATA[3 things happy and success people don't do. https://t.co/L0tvLUOgUc]]></document>
		<document><![CDATA[We are powerfully imprisoned by the terms in which we have been conducted to think. - Buckminster Fuller https://t.co/Oq2P1aJ961]]></document>
		<document><![CDATA[The journey of a thousand miles begins with one step. Think only about your first step, the rest will come. https://t.co/kQdaTqOx6a]]></document>
	</documents>
</author>