<author lang="en">
	<documents>
		<document><![CDATA[A player worth £89,000,000 would step up when your team needs it most.]]></document>
		<document><![CDATA[Oh my goodness world class referee fuck off United]]></document>
		<document><![CDATA[Mata is still so good ffsssss, hope Mourinho dies.]]></document>
		<document><![CDATA[@Crezzwel they've got the best manager in the world &amp; unlimited funds]]></document>
		<document><![CDATA[I'm scared of Man City, they could dominate English football for the next five years.]]></document>
		<document><![CDATA[@Crezzwel I get that, but it was poor at 0-0]]></document>
		<document><![CDATA[Horrific atmosphere at the London Stadium, it's as if their fans have given up.]]></document>
		<document><![CDATA[Peter Crouch goal machine]]></document>
		<document><![CDATA[Branislav Ivanovic. Chelsea legend.https://t.co/XRDyfAJ0rq]]></document>
		<document><![CDATA[Shame it missed him. https://t.co/uYGr4l4cKV]]></document>
		<document><![CDATA[@TheCampaignClub the Shed if you want a better atmosphere, the West Stand if you want a better view]]></document>
		<document><![CDATA[Liverpool fans when Klopp shouts at the 4th official.https://t.co/IZjltpiqwS]]></document>
		<document><![CDATA[Liverpool have won one game since Boxing Day but it's ok because Klopp shows pashun!1!!!!1!!!1!1!1!!]]></document>
		<document><![CDATA[Arsenal 1-2 Watford | "We're going to win the treble" says Ty (Claude racially abuses Ty then hangs himself) [Explicit]]]></document>
		<document><![CDATA[@iNabber @LFC That your comeback? Lmaooooo this is too easy.]]></document>
		<document><![CDATA[@ClassyCourtois He wasn't bad just wasn't that good, hasn't put in a decent performance since Bournemouth]]></document>
		<document><![CDATA[Eden Hazard got pocketed by Clyne but I'm supposed to believe he's the best player in the league?]]></document>
		<document><![CDATA[Me = winner with Liverpool fans on strings]]></document>
		<document><![CDATA[@iNabber @LFC I live in London you fucking spastic, stop trying to take the moral high ground when you're a plastic from Norwich.]]></document>
		<document><![CDATA[@iNabber @LFC I've been to more Chelsea games this month than you've been Liverpool in your life g]]></document>
		<document><![CDATA[@ffsStudge @LFC You also murdered 39 innocent Italians]]></document>
		<document><![CDATA[Fabregas has done more in 5 mins than Hazard did in 80 lmaooooo Cesc Fàbregas FC]]></document>
		<document><![CDATA[Honestly can't stand these bin dippers, please win Chelsea]]></document>
		<document><![CDATA[Bro I can't be arsed lmaoooo]]></document>
		<document><![CDATA[Off to die.]]></document>
		<document><![CDATA[Nah I've snapped, Conte is doing my head in]]></document>
		<document><![CDATA[WHY THE FUCK IS HAZARD OFF INSTEAD OF WILLIAN]]></document>
		<document><![CDATA[HE SLIPPED ON HIS FUCKING ARSE]]></document>
		<document><![CDATA[FUCK OFF WATFORD]]></document>
		<document><![CDATA[Arsenal will still win 5-2. Watford bottlejob is imminent.]]></document>
		<document><![CDATA[@OfficialFPL Hazard has literally done nothing]]></document>
		<document><![CDATA[Please not John Terry please please please]]></document>
		<document><![CDATA[BEST DEFENDER IN THE WORLD]]></document>
		<document><![CDATA[@EFC_Jayy Hopefully, doesn't look too promising so far]]></document>
		<document><![CDATA[Courtois MOTM incoming]]></document>
		<document><![CDATA[13% possession lmaoooo Anti Football FC]]></document>
		<document><![CDATA[@KloppsGang It's Terry lad.]]></document>
		<document><![CDATA[@LFCFansCorner A huge club is not captained by Jordan Henderson. We're bigger. This is 2017.]]></document>
		<document><![CDATA[@Wimmered That's a fair shout, I don't think you'd be able to fit Mane &amp; Coutinho in our system]]></document>
		<document><![CDATA[@WestHam_Central Mane over Coutinho? Not for me, Coutinho is more technically gifted &amp; offers more]]></document>
		<document><![CDATA[Coutinho. That is all. https://t.co/BylcpxEWr9]]></document>
		<document><![CDATA[@Jamesopher_ Yeah I just saw ffssssss, really hope we don't sign him]]></document>
		<document><![CDATA[FUCK OFF I HATE THIS FOOTBALL CLUB https://t.co/DmxOnKvQmj]]></document>
		<document><![CDATA[Make Chelsea Black Again]]></document>
		<document><![CDATA[We better beat fucking Liverpool]]></document>
		<document><![CDATA[Latest: Donald Trump reverts all laws because some nobodies from Brighton use a few bad words. https://t.co/GF1qgf7MX3]]></document>
		<document><![CDATA[@corbettjaay Should be decent thinking about it, will try get a ticket]]></document>
		<document><![CDATA[Wolves away ffsssssss]]></document>
		<document><![CDATA[Ridiculous. He could have murdered someone but it's ok bc he plays for Liverpool!!!! https://t.co/8F5sq3nepC]]></document>
		<document><![CDATA[@SilkyCouts Kane is so much better than Sturridge bro]]></document>
		<document><![CDATA[@COYSdeuch Wouldn't mind that, would mean either you or Arsenal would be out too]]></document>
		<document><![CDATA[Give us Tottenham or Arsenal x @FA]]></document>
		<document><![CDATA[Dimitri Payet looks to be doing well during his Marseille medical. https://t.co/1oH68QEyfi]]></document>
		<document><![CDATA[@mbatshuayi Your assist for Pedro was 😍😍😍]]></document>
		<document><![CDATA[This is Iran. #MuslimBan https://t.co/9LPmVBrhm6]]></document>
		<document><![CDATA[@COYSdeuch Exactly, it's so stupid people are dying trying to get into the US &amp; she's just wasting away her life]]></document>
		<document><![CDATA[@COYSdeuch Honestly what is the point in her life]]></document>
		<document><![CDATA[Girls that can't move😍👌👌😍👌😍👌😍👌👌😍👌👌👌 https://t.co/sMPJzbCiUj]]></document>
		<document><![CDATA[Hopefully Mane plays on Tuesday, there's no way he'll be 100% given he's had to travel from Africa in 48 hours.]]></document>
		<document><![CDATA[No one bats an eyelid when Israelis are banned from Islamic countries. 

Double standards. 

#MuslimBan]]></document>
		<document><![CDATA[Shane Long is such a baller]]></document>
		<document><![CDATA[What a president. What a man. https://t.co/TwL6QjFcBz]]></document>
		<document><![CDATA[@Wimmered Behind the goal is where the most vocal fans should be, you put the corporate and family bits at the side.]]></document>
		<document><![CDATA[Never understand it when football clubs have their family section behind the goal, makes 0 sense.]]></document>
		<document><![CDATA[What has Hazard done to be on this list lmaooooo? https://t.co/mF5xaOFxB8]]></document>
		<document><![CDATA[Ryan Mason didn't die for this]]></document>
		<document><![CDATA[Would love to give this United team a proper hiding again.]]></document>
		<document><![CDATA[@Eliassfc_ Hope they don't get to the final]]></document>
		<document><![CDATA[United finally getting a referee that won't side with them, wonderful.]]></document>
		<document><![CDATA[@UtdJoee Yes because he's not been given a proper chance, Mourinho clearly has an agenda against him]]></document>
		<document><![CDATA[@UtdJoee Martial is one of the brightest prospects in the world, he's ruining your club bro]]></document>
		<document><![CDATA[Phil Neville, a United pundit opposes a decision against United? Well I never...]]></document>
		<document><![CDATA[@UtdJoee Exactly, but you're 6th. Martial, Shaw etc]]></document>
		<document><![CDATA[@UtdJoee Changed the mentality of the fans, you now accept mediocrity and don't realise he's ruining genuine talent.]]></document>
		<document><![CDATA[Mourinho is destroying Manchester United and I fucking love it.]]></document>
		<document><![CDATA[Such an underrated commentator.]]></document>
		<document><![CDATA[This is Rob Hawthorne. This is futbol. https://t.co/dJVqso6i52]]></document>
		<document><![CDATA[You can stop comparing the German Steve Kean to Antonio Conte now x]]></document>
		<document><![CDATA[@SouthamptonFC The Irish Giroud]]></document>
		<document><![CDATA[Replacing Sturridge with Ba was world class business]]></document>
		<document><![CDATA[@angelsleftfoot Probably should've worded better, I meant as if it's not rape &amp; after a reasonable amount of time]]></document>
		<document><![CDATA["Abortion is murder."]]></document>
		<document><![CDATA[@StudgeIsMyMate Where are you getting this bollocks from?]]></document>
		<document><![CDATA[Liverpool fans:

Throw flares at buses.
Sing YNWA loudly.

Best fans in the league!]]></document>
		<document><![CDATA[West Ham away on a Monday Night, someone didn't think that one through]]></document>
		<document><![CDATA[@didierdrogba Don't worry bro, we're top of the league x]]></document>
		<document><![CDATA[Looks like Siri hasn't heard the new Payet song #whufc https://t.co/lc5aiijzyR]]></document>
		<document><![CDATA[United signing Griezmann would be class. He's a loser &amp; hugely overrated. Would be a massive flop.]]></document>
		<document><![CDATA["Hello mate, what are my chances of getting into Heaven?" https://t.co/pLxXGr10IP]]></document>
		<document><![CDATA[@deuchCOYS yeah course, if he scored more and turned up consistently he'd be top 5 in the world. He was class in 13/14 &amp; 14/15]]></document>
		<document><![CDATA[@WorIdClass Yeah I know, Chelsea fanbase on twitter is a shambles]]></document>
		<document><![CDATA[@deuchCOYS Hazard is the most frustrating player ever, has so much potential but fails to deliver]]></document>
		<document><![CDATA[@deuchCOYS yes lol, I've seen the light]]></document>
		<document><![CDATA[That's cold bro https://t.co/f7YIPJME8T]]></document>
		<document><![CDATA[Respect needed. https://t.co/ljHD0M299D]]></document>
		<document><![CDATA[@thfcAIex yeah i know, plus they're only doing it for a bit of extra cash from the wealthier fans]]></document>
		<document><![CDATA[Football is slowly dying https://t.co/QRyd4UtnpB]]></document>
		<document><![CDATA[@Danderweireld Using a life threatening injury for retweets, very classy.]]></document>
		<document><![CDATA[Take away penalties from both and Costa has more, plus he has a greater influence on his team. 

Costa &gt; Kane. https://t.co/IGtmojSoqb]]></document>
		<document><![CDATA[Arsenal are proper jammy bastards ain't they]]></document>
	</documents>
</author>