<author lang="en">
	<documents>
		<document><![CDATA[Someone is absolutely going to hack into Trump's unsecured phone, get on his twitter and then cause absolute carnage aren't they?]]></document>
		<document><![CDATA[They'll need them! Crazy crowd! #AFLWBluesPies #AFLW https://t.co/OI3B46MdHd]]></document>
		<document><![CDATA[Bloody hell. Vescio is a gun player! #AFLWBluesPies #AFLW https://t.co/7nzQHCQRvw]]></document>
		<document><![CDATA[@smurray38 They already moved the match to a bigger stadium to be fair. They just happened to have sold the bigger stadium out too it seems!]]></document>
		<document><![CDATA[This sport is incredible! What a historic evening! #AFLWBluesPies #AFLW]]></document>
		<document><![CDATA[@liamsaxonagast  tweeting back like I said I would just to let you know how much of a massive idiot you are 😂😂]]></document>
		<document><![CDATA[@GrogsGamut @cappertowers hosting the boxing tv coverage.]]></document>
		<document><![CDATA[They moved it to a bigger venue and it still filled to capacity! Incredible scenes. #AFLW #AFLWBluesPies https://t.co/jpPYQAXHxj]]></document>
		<document><![CDATA[I think the AFL might have underestimated the interest in this! #AFLW #AFLWBluesPies https://t.co/5azo8L3rXV]]></document>
		<document><![CDATA[@benraue Australian Rules is the national sport of Nauru I believe actually.]]></document>
		<document><![CDATA[@vanOnselenP must be the first cartoon that he hasn't drawn about himself for 24 months.]]></document>
		<document><![CDATA[It'll be as about as successful as Ricky Nixon's self-published book. https://t.co/Dietz8sD30]]></document>
		<document><![CDATA[Not the best day for Culleton... https://t.co/T7ldxGYHid]]></document>
		<document><![CDATA[How ridiculous. I mean honestly. https://t.co/bmSgf3xR1A]]></document>
		<document><![CDATA[An invisible wall!! You can't make this stuff up!!! https://t.co/pMRh8fYKj9]]></document>
		<document><![CDATA[Has Culleton done a press conference yet? A statement? Is he still going to try and physically sit in the Senate on Monday? Unleash mate.]]></document>
		<document><![CDATA[One Nation looking likely to regain control of that 4th senate seat again...for now at least. #auspol https://t.co/Oib3LXvIuW]]></document>
		<document><![CDATA[Culleton's brother-in-law (#2 on One Nation ticket) almost certain to be elected to the Senate in the special recount. #auspol]]></document>
		<document><![CDATA[I honestly believe the Apprentice thing is why he initially ran. Doubt he's pissed about winning though. Pissed he… https://t.co/rP1s7MR8ED]]></document>
		<document><![CDATA[Sounds like Turnbull didn't think President Trump was going to act like the candidate Trump originally. Got that wr… https://t.co/NSQG4st8im]]></document>
		<document><![CDATA[Oh no. I completely agree with Rudd on something. https://t.co/MdAC91j8M6]]></document>
		<document><![CDATA[Of course if the deal falls through after all of this Turnbull is utterly humiliated and his Prime Ministership is just about cooked.]]></document>
		<document><![CDATA[Turnbull did get owned and was a fool. But if the deal comes off after all he can spin that to public - got Trump t… https://t.co/EPFhJA9zvs]]></document>
		<document><![CDATA[US relationship will remain strong despite Trump. But Australia will finally have to pursue a long overdue independent foreign policy.]]></document>
		<document><![CDATA[It's clear that regardless of whatever happens in the Australia-US refugee deal, Trump and US are not reliable allies now.]]></document>
		<document><![CDATA[Prospects of the Australia-US refugee deal looks slightly more promising this morning. But Trump is a wildcard - no guarantees on anything.]]></document>
		<document><![CDATA[Like he was never certain to do an early morning tweet on it - but he did a tweet on literally every other news item.]]></document>
		<document><![CDATA[Trump causes an unprecedented diplomatic rift with Australia and doesn't even bother with it in his 30min morning tweetstorm?]]></document>
		<document><![CDATA[Trump is tweeting! Brace yourself! #auspol]]></document>
		<document><![CDATA[Imagine if a similar Trump-Australia incident happened on Labor's watch. The LNP &amp; Murdoch media would literally be calling for resignations]]></document>
		<document><![CDATA[That's an ambitious take for Turnbull. https://t.co/nWz8E5l4yc]]></document>
		<document><![CDATA[2017 - US President wrecks all the norms of international diplomacy on Twitter &amp; strikes feud with one of their clo… https://t.co/lk1Ch37qaG]]></document>
		<document><![CDATA[This Trump-Turnbull story is absolutely wild.]]></document>
		<document><![CDATA[Uh huh. Sure about that? https://t.co/ujWqmoB9ZN]]></document>
		<document><![CDATA[Looking forward to Abbott's wild subtweet of Turnbull.]]></document>
		<document><![CDATA[ANZUS isn't worth the paper it's written on until Trump is out of office.]]></document>
		<document><![CDATA[This honestly could have happened. https://t.co/yxCcvZD6Fr]]></document>
		<document><![CDATA[Their word means nothing. Why? His word means nothing. Trump could jettison the deal anytime. Especially after this… https://t.co/8euLwy8pba]]></document>
		<document><![CDATA[Like they could have just kept saying the status quo like "we're still working through the details, but we're hopeful".]]></document>
		<document><![CDATA[Why on earth did Turnbull, Bishop and the PMO decide to proclaim that the US refugee deal was going ahead on Sunday if this happened?]]></document>
		<document><![CDATA[Fact check required. https://t.co/Hem63NZ1Z5]]></document>
		<document><![CDATA[*curb your enthusiasm music* https://t.co/rIr9IDpk7x]]></document>
		<document><![CDATA[In other news Trump casually threatend to invade Mexico. So there's that. https://t.co/OKaMi2ZAEY]]></document>
		<document><![CDATA[So they're pretty accurate then. https://t.co/CPQRLYh090]]></document>
		<document><![CDATA[All of this is not exactly a recipe for party unity, let alone competence.]]></document>
		<document><![CDATA[Or elites from other parties like Steve Dickson in Qld or potentially a George Christensen type seeking more power for themselves.]]></document>
		<document><![CDATA[There are only 2 types candidates attracted to One Nation. They either have axes to grind with the world &amp; arent team players like Culleton.]]></document>
		<document><![CDATA[They'll pose a threat in some seats in WA &amp; Qld this year. But by 2019 the party will be destroyed by infighting...again.]]></document>
		<document><![CDATA[One Nation fails to properly vet another candidate I see.]]></document>
		<document><![CDATA[Almost a Mark Latham handshake. https://t.co/qy2Jo6h2ec]]></document>
		<document><![CDATA[So good to have football back in a couple of nights! Especially this early in the year!  #AFLW is going to be so go… https://t.co/F518NeG895]]></document>
		<document><![CDATA[Breaking News: Out-of-touch wealthy white man donated a lot of money to Liberal Party.

Reports also coming in that the sky is blue.]]></document>
		<document><![CDATA[Hasn't everyone casually tipped $1.75 million dollars into their own election campaign before?]]></document>
		<document><![CDATA[Excellent BuzzFeed article highlighting the important bits of news from the released political donations. #auspol  https://t.co/7fLj6fqcDr]]></document>
		<document><![CDATA[How does the local Liberal Party personality on local Canberra radio get a question at the #npc?]]></document>
		<document><![CDATA[This would be good regardless of whoever implements it. This is long overdue. https://t.co/hdQAkjbAQf]]></document>
		<document><![CDATA[I'm going to suggest this wasn't a great investment for @ClubsACT 😂. #actvotes. #actpol.]]></document>
		<document><![CDATA[Canberra Community Voters spent $191,652 on their ACT election campaign. They got 1711 votes. That's $110 per vote… https://t.co/E32DZS6Hqn]]></document>
		<document><![CDATA[Hmm...The recent election suggests Canberra is quite content with the Labor-Greens coalition government in the ACT. 
https://t.co/U3D5miO6O1]]></document>
		<document><![CDATA[Was the question to this answer "can you competently vet a candidate?"

Because the answer is certainly no. https://t.co/kzxVNR2wD3]]></document>
		<document><![CDATA[Our donations disclosure system is woeful. Turnbull probably tipped millions into his 2016 campaign, but we won't f… https://t.co/wJ3QoZm4Rw]]></document>
		<document><![CDATA[What did I say on Sunday? You can't take their word for anything. It's worthless. https://t.co/UoaPktraJs]]></document>
		<document><![CDATA[Hanson is not very good at vetting candidates properly. https://t.co/3evalzrrvD]]></document>
		<document><![CDATA[@MarkDiStef Billy Gordon?]]></document>
		<document><![CDATA[The ABC has got to get data into the computer somehow I guess...😂 https://t.co/2onqQHMlQa]]></document>
		<document><![CDATA[@jrhennessy he's caused enough damage there.  https://t.co/90kYpfy6Vf]]></document>
		<document><![CDATA[@thomas_violence dont forget Trump literally calling it a "ban" in his tweets as well...]]></document>
		<document><![CDATA[Security will have to drag a screaming Culleton out of parliament on Monday won't they? https://t.co/vnFDlu208Y]]></document>
		<document><![CDATA[The alt-right spent 12 hours spreading malcious lies that the culprits in Quebec were Syrian refugees when instead… https://t.co/XmhW1JZHcc]]></document>
		<document><![CDATA["The Liberal Party strongly condems"? That's why parts of the audience were cheering and clapping? Hmm... https://t.co/VSfnGD7dee]]></document>
		<document><![CDATA[Also a bold call to shout "white power" down the barrel of a camera.]]></document>
		<document><![CDATA[I think a lot of the crowd did want to be associated with that judging by the cheering and clapping... https://t.co/kFBWNsuC5l]]></document>
		<document><![CDATA[@sabinahusic @edhusicMP just leak them to buzzfeed and say they're unverified.]]></document>
		<document><![CDATA[No, you were just horrible at negotiating. But sure, tell yourself whatever you need to. #auspol https://t.co/NIZkFzjKjq]]></document>
		<document><![CDATA[@egadheg "Just launched a nuke. China had it coming".

That unsecured phone seriously worries me actually.]]></document>
		<document><![CDATA[Turnbull does not look comfortable at all in this press conference. #auspol]]></document>
		<document><![CDATA[Not a great headline the govt wanted. Morrison is not an asset for the govt. Has been woeful since he became Treasu… https://t.co/MEzXJ3bCBd]]></document>
		<document><![CDATA[Actually the US is a horrible mess. Many gun deaths. Sad! https://t.co/MBj4Md0vGl]]></document>
		<document><![CDATA[If it's failing so much why do you tweet about it every day then... https://t.co/WyepPZk1yu]]></document>
		<document><![CDATA[5th set! #AusOpen]]></document>
		<document><![CDATA[Crazy. What a world. #auspol https://t.co/8We98jfzdM]]></document>
		<document><![CDATA[Surely this is not real? https://t.co/TeBLoOgSk3]]></document>
		<document><![CDATA[Or this could just be Trump again simply saying whatever he wants to appease, then doing the complete opposite late… https://t.co/t4XyFCMSE2]]></document>
		<document><![CDATA[He says a lot of things. His word is hardly reassuring that the "deal" will still actually come to fruition. #auspol https://t.co/yMtd1qCtnx]]></document>
		<document><![CDATA[~plane is now spinning wildly out of control hurtling towards the ground~ https://t.co/xlgcmpHork]]></document>
		<document><![CDATA["This is not who we are"

~it is~

The entire GOP is complicit in this. https://t.co/cO7eKiBa0d]]></document>
		<document><![CDATA[Right-wing extremism again turns out to be the biggest threat to society... https://t.co/ztuEQiinyX]]></document>
		<document><![CDATA[What the f... https://t.co/YaKrEFok1I]]></document>
		<document><![CDATA[Ciobo, it's over - go home. Everyone else has already walked away. We're the last ones in the room. It's not happen… https://t.co/eW6hM1ITGs]]></document>
		<document><![CDATA[What an absolute monster. Ryan is entirely complicit in this. https://t.co/stbHusNOJZ]]></document>
		<document><![CDATA[If Turnbull cant stand up to bloody George Christensen or Cory Bernardi how the hell is going to stand up to Trump? Answer: He wont. #auspol]]></document>
		<document><![CDATA[The red line for the GOP is raising taxes on the rich. But they'll tolerate anything else. https://t.co/1NXSCpgQJ6]]></document>
		<document><![CDATA[Crazy! This is dreadful. https://t.co/bWy41vnXVb]]></document>
		<document><![CDATA[This is very sad. https://t.co/2ccauncdEd]]></document>
		<document><![CDATA[Serena Williams is unbelievable at tennis. Words simply can't do her justice. #AusOpen]]></document>
		<document><![CDATA[This is terrible! https://t.co/KiaOh8zNbG]]></document>
		<document><![CDATA[How cooked is the US. They've shirked their global responsibilities and are a disgrace. They're no longer leaders o… https://t.co/SsbVs3nsjd]]></document>
		<document><![CDATA[~business deals~ https://t.co/91esC7KDSU]]></document>
		<document><![CDATA[He is going to tweet about this isn't he? https://t.co/ahB0rc8Q8d]]></document>
		<document><![CDATA[Aka Mexico isn't paying for the wall. https://t.co/v99P9z0Yus]]></document>
	</documents>
</author>