<author lang="en">
	<documents>
		<document><![CDATA[Congrats to @RaizaBiza for reaching 224,972 plays and counting on @SpotifyAU in 5 days with his "Strong Woman" Remi… https://t.co/OEmzqXLzWZ]]></document>
		<document><![CDATA[3 weeks until @StroElliotMusic touches down in Australia and New Zealand to bring you that heat! https://t.co/AXLTXeCaSr]]></document>
		<document><![CDATA[New visuals from @ApolloBrown and @skyzoo “Nodding Off” off the album “The Easy Truth” out now on @MelloMusicGroup https://t.co/0DOji1BdrO]]></document>
		<document><![CDATA[Classic material. 5 weeks until the @PeteRock @CoreyCLSmooth Sydney show Buy tix here https://t.co/IReJI58wTL or… https://t.co/8Q0qiYws84]]></document>
		<document><![CDATA[Happy birthday to my brother @SHORTEEBLITZ. From Haywood Comp to the present day we ain't done too bad! © @BlakTwang https://t.co/Ax9n2WOkMc]]></document>
		<document><![CDATA[Supports announced for the Pete Rock &amp; C.L. Smooth Sydney show at The Metro Theatre. Get your tickets here -… https://t.co/XKJtt084K1]]></document>
		<document><![CDATA[Salute to the @badapplesau and the @HouseOfBeige family along with @Sampa_The_Great vibes were in the building at… https://t.co/aXU7TFGGfZ]]></document>
		<document><![CDATA[It goes down at @section8melb today as @badapplesau and @HouseOfBeige link up for their Reclaim Australia Day party. https://t.co/jwy52HTV4f]]></document>
		<document><![CDATA[Shout out to @ztrip for blessing Sydney last night. 📷by @cyanpeppper_org https://t.co/OAylzIZ6dx]]></document>
		<document><![CDATA[Heavyweight line up at @Factory_Theatre in Sydney tonight. Tickets still available online or at @recordstoresyd and… https://t.co/k7WcKOPZcb]]></document>
		<document><![CDATA[The vibe for the weekend courtesy of the living legend that is @omarlyefookMBE https://t.co/yBwpTUG3z7]]></document>
		<document><![CDATA[New music from @RaizaBiza "Strong Woman" Remix with @remikolawole produced by @villettedasha out on @LowKeySourceAU https://t.co/Jv24JPKn5f]]></document>
		<document><![CDATA[New mix from @DJMrThing as he drops a hour tribute of A Tribe Called Quest with a few original samples in the mix https://t.co/bjA6omV9xO]]></document>
		<document><![CDATA[One more sleep until @ztrip touches down in Sydney at @Factory_Theatre  supported by @DJSAMRAI @shantan_ichiban… https://t.co/BskjixkFhv]]></document>
		<document><![CDATA[An engagement and 2 new arrivals into the extended family is definitely worth celebrating today. https://t.co/DI2cOvriAB]]></document>
		<document><![CDATA[The only anthem young Alexander needs to know. #passthedutchie https://t.co/G5tD3xxpJL]]></document>
		<document><![CDATA[1 month until @StroElliotMusic touches down in Australia and New Zealand. Shout out to @HouseShoes and the whole… https://t.co/nQvmPY620u]]></document>
		<document><![CDATA[Limited amount of @PeteRock @CoreyCLSmooth Sydney show tickets available. For more info hit up @JointAdventure and… https://t.co/JuvvCBtFS0]]></document>
		<document><![CDATA[New music from @ODDISEE “Like Really” taken off his “The Iceberg” album coming soon on @MelloMusicGroup https://t.co/8WPwRnLwth]]></document>
		<document><![CDATA[The “Thud Dust Drum Breaks” are played, recorded &amp; flavoured by @plutoniclab ready for you to chop and sample https://t.co/R8xptRc3dC]]></document>
		<document><![CDATA[@p_money At least I got a good story to tell on her wedding night!]]></document>
		<document><![CDATA[Great start to a hot day when your child shuts down the whole swimming pool for the morning because of an 'accident' got to love parenthood!]]></document>
		<document><![CDATA[New EP from Mohi "Escape From The Savage" out now on @LowKeySourceAU https://t.co/HBwtvyEENH]]></document>
		<document><![CDATA[Full interview with @black_milk as part of @LowKeySourceAU “The Headnod Factor Live” series. https://t.co/HuXC5eXinx]]></document>
		<document><![CDATA[1 week today until @ztrip touches down in Sydney to play at @Factory_Theatre. Tickets available at… https://t.co/9JRuahNtBO]]></document>
		<document><![CDATA[Trying to turn my son into a Hip Hop head from early. #ditc https://t.co/PMT0HVCrsR]]></document>
		<document><![CDATA[The Trump era begins. https://t.co/rgrIS0n0GL]]></document>
		<document><![CDATA[New visuals from @MysDiggi "Food Dancing (Yum Yum Yum)" https://t.co/mi8U6olxPv]]></document>
		<document><![CDATA[New visuals from @therealkranium “We Can” featuring @torylanez https://t.co/RQoMl09LM5]]></document>
		<document><![CDATA[Good times backstage at @Splore 2015 with @RodneyP_UK and @papahudge #tbt 📸by @Tristan_Edouard https://t.co/zGIDbRaIeN]]></document>
		<document><![CDATA[World exclusive on @triplejhiphop tonight as @hauiebeast plays @RaizaBiza "Strong Woman" remix with @remikolawole p… https://t.co/EipPtcJtnt]]></document>
		<document><![CDATA[It's going down on Sunday January 29th at @section8melb as @badapplesau and @houseofbeige link up for their Reclaim… https://t.co/oDOtSGQruM]]></document>
		<document><![CDATA[Classic material from @PeteRock &amp; @CoreyCLSmooth. Don't miss your chance to see these legends at the @Metro_Theatre… https://t.co/Si2GLno2gX]]></document>
		<document><![CDATA[Damn it's been 25 years since Juice dropped!?! Definitely a classic and the soundtrack had some heat on too. https://t.co/K3ot4voNXr]]></document>
		<document><![CDATA[New visuals from @MysDiggi &amp; @K3ITH_PRICE as they return for a rap up of the 2016’s MMA highlights https://t.co/LiyUYxpe6W]]></document>
		<document><![CDATA[Touching down in Australia and New Zealand next month is @StroElliotMusic bringing them beats! https://t.co/ydG4XRhEdp]]></document>
		<document><![CDATA[New interview with @ztrip don't miss him in Sydney at @Factory_Theatre on Saturday January 28th. https://t.co/wKunUaXSyu]]></document>
		<document><![CDATA[The vibe for the evening courtesy of @ChronixxMusic x @FEDERATIONsound https://t.co/Fkj89vXWll]]></document>
		<document><![CDATA[Heavyweight line up for The Genius Of J Dilla Sydney show do not miss this. Door sales only. https://t.co/QvLTt5G7tP]]></document>
		<document><![CDATA[Tickets now on general sale via @Ticketek_AU for the @PeteRock &amp; @CoreyCLSmooth Sydney show at @Metro_Theatre on Th… https://t.co/x39FCNA2L6]]></document>
		<document><![CDATA[Sydney supports announced for the @EtanaStrongOne show at The Lair Metro on Saturday February 10th. https://t.co/qEr6pL0pRL]]></document>
		<document><![CDATA[When keeping it real goes wrong. https://t.co/GoWsieZ7kD]]></document>
		<document><![CDATA[The vibe for the evening courtesy of @HouseShoes and his Magic show on @dublab https://t.co/gAuKx2JBq9]]></document>
		<document><![CDATA[The first release of 2017 from @LowKeySourceAU is @ericlaumusic with "Examples"

Preview, stream or download here 
https://t.co/RYTPdu6E23]]></document>
		<document><![CDATA[It's about that time to raise it up for Jay Dee AKA J Dilla. More details coming soon. https://t.co/2ToiF6lCq2]]></document>
		<document><![CDATA[Limited $59+BF earlybird tix available tomorrow at 9am for the @PeteRock @CoreyCLSmooth Sydney show. Get in quick! https://t.co/TBp58jlHGy]]></document>
		<document><![CDATA[Happy 5th birthday to my Lily. Please leave Melbourne in one piece! https://t.co/IrEzkee2V4]]></document>
		<document><![CDATA[Excited to be teaming up with @itsdeltabravo to bring you the legendary @PeteRock @CoreyCLSmooth at The Metro in Sy… https://t.co/YKIGpJo3xe]]></document>
		<document><![CDATA[Limited hard tickets for the @ztrip Sydney show available at 567 King. Save yourself $10 and support your local rec… https://t.co/BGHTRZHOLa]]></document>
		<document><![CDATA[New interview with @redbull Thr3Style Australian Champion &amp; 3rd in the world @DJSAMRAI https://t.co/BA3oHUGVcT]]></document>
		<document><![CDATA[Roots Reggae music coming soon to The Lair Metro in Sydney on Friday February 10th courtesy of @EtanaStrongOne https://t.co/2m0OEKhf2s]]></document>
		<document><![CDATA[Man's chicken knowledge is strong. Some nice bars from Bonkaz too https://t.co/tzvTNel6Eu]]></document>
		<document><![CDATA[Chris Brown vs Soulja Boy. 50 Cent running Instagram right now with this. Too funny! https://t.co/m5Z7Vzxj12]]></document>
		<document><![CDATA[It goes down at @ferdydurkemelb tonight as @plutoniclab kicks off his monthly residency. Free entry all night long https://t.co/KJIaECOIja]]></document>
		<document><![CDATA[The vibe for the day courtesy of @ericlaumusic glad to be dropping his new album "Examples" as the first release in… https://t.co/ujCZ0Cy3FE]]></document>
		<document><![CDATA[The legendary Johnny Osbourne up at the old @BaseFM studios #tbt https://t.co/gJ0lqp9lFl]]></document>
		<document><![CDATA[New music from @StroElliotMusic "Break-Up" - https://t.co/O2wUv6Y9nm]]></document>
		<document><![CDATA[Late night vibes courtesy of @SirTallBlackGuy https://t.co/r1LUVwnPvC]]></document>
		<document><![CDATA[Supports announced for the @ztrip Sydney show which includes @RedBull3Style Australian Champion @DJSAMRAI… https://t.co/jcpknPr6O6]]></document>
		<document><![CDATA[New monthly night put together by @plutoniclab starts this Thursday night at @ferdydurkemelb https://t.co/D9kCS65eoW]]></document>
		<document><![CDATA[A word from the G.O.A.T salute @bigdaddykane https://t.co/4nCJP2Cpd6]]></document>
		<document><![CDATA[The vibe for 2017. https://t.co/8MnQxZnsjc]]></document>
		<document><![CDATA[The struggle for the thumb is real. https://t.co/TO9u97jiEd]]></document>
		<document><![CDATA[Great doco on Soul II Soul and the UK in the 80's https://t.co/cDBq52IGdA]]></document>
		<document><![CDATA[Continuing his “20 Years Of Beats” series @14KT releases a mix of beats from 08-09 off his debut album plus more https://t.co/3xtamKT2dE]]></document>
		<document><![CDATA[The madness begins. https://t.co/n6NoKcENHy]]></document>
		<document><![CDATA[Christmas Eve with the ladies of the house and Santa. https://t.co/f0aIoqf24T]]></document>
		<document><![CDATA[Holiday mode begins. https://t.co/Zz1Soych4q]]></document>
		<document><![CDATA[Got my slice of Nottingham Hip Hop history just in time for Christmas. Shout out to @NG83DOCUMENTARY for the quick… https://t.co/FZQBwtnz8x]]></document>
		<document><![CDATA[New mix from @SirTallBlackGuy for @Bonafide_Mag as part of their “Bonafide Beats” series https://t.co/SKMdHPcmip]]></document>
		<document><![CDATA[Throwback to the time when I found out the Adelaide streets were really real #tbt https://t.co/Rvvr46ZHER]]></document>
		<document><![CDATA[New interview with @BriggsGE by @Wil_Anderson as part of his “Wilosphy” podcast series https://t.co/POpRHBQDsV]]></document>
		<document><![CDATA[New mix by @djmk “Skool Dayz” part 1 featuring some of his favourite late 80’s and 90’s Hip Hop https://t.co/mhhGWKh9Td]]></document>
		<document><![CDATA[New music from @ericlaumusic “Lau’s Lament” taken off the @FirstWordHQ compilation “Two Syllables Volume 13” https://t.co/LYvV09AV2e]]></document>
		<document><![CDATA[New York Dancehall star @therealkranium talks to @MassAppeal about Dancehall, his story, his music and more https://t.co/jBgqBi9qjZ]]></document>
		<document><![CDATA[New visuals of @GoldenEraOnline annual cypher featuring @hilltophoods @funkoars @BriggsGE @vents1 @notK21 @PurposePE https://t.co/gFMVa74ftX]]></document>
		<document><![CDATA[New mix from @SirTallBlackGuy to coincide with his first shows in South Africa https://t.co/w6TvRm63Gk]]></document>
		<document><![CDATA[“1000th Prestige” is the new EP from @iamvandalsavage featuring @Juganaut @MicallParknsun @CAPPO_GENGHIS   https://t.co/E7KGNMzGvi]]></document>
		<document><![CDATA[A few years ago I was lucky enough to get the lowdown on the making of a classic Scribe's "The Crusader" album #tbt https://t.co/6kX4ovLmKC]]></document>
		<document><![CDATA[Been a good year for music with some dope albums out. All of these have been in heavy rotation. 

Looking forward t… https://t.co/IUHHzM75Hl]]></document>
		<document><![CDATA[Salute to Real City TV for this https://t.co/RgeKcC3IxJ]]></document>
		<document><![CDATA[Limited hard tickets now on sale at @recordstoresyd for @ztrip Sydney show on January 28th at The Factory. Save you… https://t.co/g0Twt2zs9A]]></document>
		<document><![CDATA[Breakfast in bed for a Dutchess. Happy 7th birthday to my eldest Ruby Dutch. Daddy loves you lots xo https://t.co/8blAVC8kUV]]></document>
		<document><![CDATA[Roots Reggae music coming to Sydney early next year courtesy of @EtanaStrongOne. More details coming soon https://t.co/2BRSCNUUEK]]></document>
		<document><![CDATA[New visuals from @ApolloBrown &amp; @skyzoo "Payout" featuring @Stalley and taken off "The Easy Truth" album out now https://t.co/68d10f5dTe]]></document>
		<document><![CDATA[Monday morning vibes courtesy of @GAPPYRANKS https://t.co/ESkFYpNeiu]]></document>
		<document><![CDATA[2 legends chopping it up about New Zealand Hip Hop history at @recordstoresyd #theheadnodfactor https://t.co/mNNM0IpsDz]]></document>
		<document><![CDATA[2 events on tonight free entry. First @p_money chops it up with @hauiebeast about some of his classics before LKS X… https://t.co/mIRwEMtbAN]]></document>
		<document><![CDATA[Great read on Aaliyah https://t.co/TBB9dHaIg7]]></document>
		<document><![CDATA[The debut album from @StroElliotMusic is out today via @LowKeySourceAU go grab that heat here… https://t.co/Vf2YTLWaTx]]></document>
		<document><![CDATA[New music from @ODDISEE "Things" taken off "The Iceberg" album coming soon https://t.co/Mdx4oCI73T]]></document>
		<document><![CDATA[It's going down at @chippolord tomorrow night @p_money alongside @nachopops plus more. Free entry show. https://t.co/4pYuCdGbFR]]></document>
		<document><![CDATA[New music from @hauiebeast "Everything" featuring @Footsie produced by @miracleisiller https://t.co/NWkPchg4MU]]></document>
		<document><![CDATA[Been waiting for this book about the legendary Latin Quarter. Salute to @waxpoetics for this. https://t.co/JTkNRgpAXL]]></document>
		<document><![CDATA[New visuals from @LowKeySourceAU of their first "The Headnod Factor Live" featuring @black_milk https://t.co/eYuGAkzHvb]]></document>
		<document><![CDATA[New visuals from @ChronixxMusic “Majesty” taken off his debut album “Chronology” coming soon - https://t.co/AJXW3cB14a]]></document>
		<document><![CDATA[New music from @hauiebeast "Everything" featuring @Footsie produced by @miracleisiller will premiere on @ComplexAU… https://t.co/7Vevlss5Uo]]></document>
		<document><![CDATA[Footage is now up on the @LowKeySourceAU Facebook page for "The Headnod Factor Live" featuring @black_milk at… https://t.co/w3Ilz6CH9C]]></document>
		<document><![CDATA[Coffee is good but this the best way to get over that Mondayitis feeling as shown by @spiceadams 

Vibes courtesy o… https://t.co/vsF4uXa8K4]]></document>
		<document><![CDATA[Morning vibes courtesy of @HouseShoes with a @STREETCORNERSCM mix that was live on @triplejMixUp free download here https://t.co/EOvbNqgVYW]]></document>
	</documents>
</author>