<author lang="en">
	<documents>
		<document><![CDATA[@IrfanSabrina @TheRachelFisher also I found this and remembered you guys https://t.co/L5bAIdXLZj]]></document>
		<document><![CDATA[@ClaireAllan I think it mutes only mentions, cos I added Trump as a muted word to no effect on my timeline.]]></document>
		<document><![CDATA[@OhNoSheTwitnt right on]]></document>
		<document><![CDATA[@DanKaszeta last I heard, it's a mishmash of SS and some kind of personal bouncers. A recipe for something.]]></document>
		<document><![CDATA[I bet she's chilled as fuck. https://t.co/nqwjZQmZuz]]></document>
		<document><![CDATA[@Lolly_Knickers that escalated quickly]]></document>
		<document><![CDATA[@lostinyourinbox @JuddLegum someone AT LAST willing to mention that that she's a cold stone fox. Smart and killer. Love her.]]></document>
		<document><![CDATA[@JuddLegum @eimear_ryan.... And she's fired.]]></document>
		<document><![CDATA[@JuddLegum @eimear_ryan From the darkness, a spark.]]></document>
		<document><![CDATA[@jeannedesutun Thursday morning.]]></document>
		<document><![CDATA[@josheidelson @Colmogorman the man has to go. He was a respected DC operator, once.]]></document>
		<document><![CDATA[@ygunner2121 I gotta go into my beautiful European city and fuck a couple of women. Why don't you just lie there and fantasize about dying?😂]]></document>
		<document><![CDATA[@ygunner2121 I have never fucked up someone on twitter so completely. 
😂😂👌

you may die now.]]></document>
		<document><![CDATA[@ygunner2121 you poor fucker. I'm not even reading your crazy shit. You're a failed American. A racist. A traitor. And a lonely coward. FU.]]></document>
		<document><![CDATA[@ygunner2121 keep it up, bitch. Still rock-hard, thinking about me? Shithead.]]></document>
		<document><![CDATA[@ygunner2121 you are one lonely, unfucked little prick. I pity you. Good luck with your loneliness.]]></document>
		<document><![CDATA[@ygunner2121 you're a mess!!

😃 

GO FUCK YOURSELF, LOSER!!]]></document>
		<document><![CDATA[@ygunner2121 you don't get America. It's advanced citizenship. And you failed the test. Fuck off to your Mother Russia.]]></document>
		<document><![CDATA[@ygunner2121 try again, shut-in.]]></document>
		<document><![CDATA[@ygunner2121 fuck off to Russia]]></document>
		<document><![CDATA[@ygunner2121 fuck off loser]]></document>
		<document><![CDATA[@IrfanSabrina @TheRachelFisher not sure how I can help you guys but here's a funny mushroom. Know that we have your… https://t.co/6k6zP9gygz]]></document>
		<document><![CDATA[@UnaMullally there better be WiFi.]]></document>
		<document><![CDATA[@CiaraMPSI you're awesome]]></document>
		<document><![CDATA[@clairehennessy @michaelbelcher ah I was thinking spare the soundtrack until after but bone up on Hamilton before.]]></document>
		<document><![CDATA[@DavidYankovich @NoraReed they can only see past the next news cycle]]></document>
		<document><![CDATA[Quality work https://t.co/QI6mLq029U]]></document>
		<document><![CDATA[@DancesWithTamis @1followernodad they drugged many of them, flew them out to sea and threw them into the waves.]]></document>
		<document><![CDATA[@ellenmcoyne @griffski (Donald Trump could be staring at this thread RIGHT NOW with his lips pursed, frowning.)]]></document>
		<document><![CDATA[@OKnox @xeni well how ELSE is he supposed to transport them?]]></document>
		<document><![CDATA[Fighting escalates in eastern Ukraine

Opportunity knocks for the wicked.

https://t.co/3PkeeV0Afl via @FT]]></document>
		<document><![CDATA[@colmtobin I had no idea so many of us were such pussies.]]></document>
		<document><![CDATA[@molly_finn_ You're right, of course. It's like fast-food. lovely at the time but then later on it feels shit, like ashes. A waste of time.]]></document>
		<document><![CDATA[@johnsonr @washingtonian "What big teeth you have!"]]></document>
		<document><![CDATA[wow. I told him it was ok to be gay and he vanished. LOL! https://t.co/McNR3EjQ2D]]></document>
		<document><![CDATA[fucking lovely, it's gonna be a great game! https://t.co/lfUQHN4FgV]]></document>
		<document><![CDATA[@ygunner2121 That's a bit rich coming from the racist, traitorous, bigoted sack of shit ready to tear up his own Constitution.]]></document>
		<document><![CDATA[@ygunner2121 Wait, you're gay? this changes everything. Röhm was gay. It can happen. You're still a poor broken sack of shit.]]></document>
		<document><![CDATA[.@ygunner2121 &lt;-- racist, traitor, coward.]]></document>
		<document><![CDATA[@ygunner2121 empty words. typical. I'll make you squeal like a pig for my kids. 

Traitor.]]></document>
		<document><![CDATA[@molly_finn_ ok I'm sorry. I swear I'll mute the prick. I will look after my mental health.]]></document>
		<document><![CDATA[@ygunner2121 &lt;-- racist and traitor. sad.]]></document>
		<document><![CDATA[@ygunner2121 you unfucked flaccid fascist fuck. Piss off Russia then. They love useful idiots like you. Poor America. RIP.]]></document>
		<document><![CDATA[@ygunner2121 what a fucked up way to lose The Cold War. You're a traitor. Nice.]]></document>
		<document><![CDATA[@ygunner2121 you're one boring, mixed-up, Russian-loving toolbag, did your mother ever tell you that?]]></document>
		<document><![CDATA[@molly_finn_ it was me who called him out actually but yeah he was shit, very poor. 2/10. I do feel a bit better.]]></document>
		<document><![CDATA[@molly_finn_ I needed to vent. So I picked one *tiny* Nazi out and gave him a bit of stick. You're absolutely right though; I've stopped.]]></document>
		<document><![CDATA[@molly_finn_ it was fun.]]></document>
		<document><![CDATA[@ygunner2121 you're the dumbest peice of shit I've ever met on here.]]></document>
		<document><![CDATA[@btmurphy88 @jonfavs besides there's nobody in he State Department at the moment.]]></document>
		<document><![CDATA[@ygunner2121 says the free Irishman in the Republic of Ireland who holds your country's ideals of equality in higher regard than you, scum.]]></document>
		<document><![CDATA[@ygunner2121 "All men are created equal" -  you're just a sad, panicked, racist, bigoted Nazi fool. America has to turn her back on you.]]></document>
		<document><![CDATA[This cunt needs to leave America. He's not part of their culture. https://t.co/MOosdecpLs]]></document>
		<document><![CDATA[@ygunner2121 That's what I wanted. You're fucked.]]></document>
		<document><![CDATA[@ygunner2121 That's un-American. You should move to Russia. Or Saudi Arabia. They're your kind of ppl. You don't belong in America.]]></document>
		<document><![CDATA[@ygunner2121 it's not tolerance. It's all men are created equal. You don't believe that though. You've given up. Your life is forfeit.]]></document>
		<document><![CDATA[@ygunner2121 sorry to inform you that we don't fuck our cousins here.  Try Alabama, etc.]]></document>
		<document><![CDATA[Fat white American redneck fuck asked about marrying cousins in Ireland. Sounds like he wants to move here. https://t.co/5DcVuvLrGF]]></document>
		<document><![CDATA[Ireland can't beat the 'British'. Accept in insurgency, football, Rugby, pints, sex, economic models, broadcasting.… https://t.co/KantS03gxD]]></document>
		<document><![CDATA[@ygunner2121 call yourself a man, do you, while you piss and shitt on the American flag, Constitution and ideals? You're ignorant scum.]]></document>
		<document><![CDATA[@ygunner2121 I don't answer to little racists to stupid to realise they're Nazis who are ready to piss their Constitution away out of fear.]]></document>
		<document><![CDATA[@ygunner2121 fuck me, you sack of shit. That's desperate. I'd say you were no use under fire. 

Did you get any of your own lads killed?]]></document>
		<document><![CDATA[@DesiJed I bet they discuss his wardrobe.]]></document>
		<document><![CDATA[@ygunner2121 go and piss on your own Constitution some more, you servile piece of shit. We and the English are cool. The world hates you.]]></document>
		<document><![CDATA[@ygunner2121 back in your basket, you pathetic unfucked, flaccid fuck. 

Try not to shoot your cousin in the face.]]></document>
		<document><![CDATA[@ygunner2121 Read some History, cocksucker. you're in for a surprise. We built America's cities and we fucking SLAUGHTERED the English.]]></document>
		<document><![CDATA[@ygunner2121 

67 thousand Muslims. 
7 million Irish.  
Can you do the math? 

Oh,  Muslim pussy is fucking amazing, you unfucked prick.]]></document>
		<document><![CDATA[@ygunner2121 Dumbshits like you are the first people Trump fucked. Enjoy having no health care. 

You're gonna die young and broken.]]></document>
		<document><![CDATA[@ygunner2121 Ever heard of the Republic of Ireland,  you mouth-breathing cunt?]]></document>
		<document><![CDATA[@ygunner2121 there are 67 thousand Muslims in Ireland and they're cool as fuck. Go shoot yourself in the face, you ignorant sack of shit]]></document>
		<document><![CDATA[@ygunner2121 we blew their shit up, you ignorant cunt. When's the last time you pieces of shit won a war, even a battle? All talk since 1945]]></document>
		<document><![CDATA[@ygunner2121 maybe stop creeping my timeline and read your Constitution, you pathetic cowardly piece of shit.]]></document>
		<document><![CDATA[Here's an example. A coward, sounds ready to piss himself. Ready to shit on his country's Constitution. Bin Laden b… https://t.co/NXWQebbLlv]]></document>
		<document><![CDATA[.@BBCBreaking ok then expect this. https://t.co/1ANrSHwmGf]]></document>
		<document><![CDATA[@MxJackMonroe 'fuckjunket'? hmm. It's no 'unbuttered crumpet', is it?]]></document>
		<document><![CDATA[@FelixMul44 @johnredwood whoa Jesus shots fired. Calm down everyone. Gawd.]]></document>
		<document><![CDATA[@NivenJ1 she'll be off her tits by then, no worries.]]></document>
		<document><![CDATA[@clairehennessy thank you!]]></document>
		<document><![CDATA[@DanKaszeta she'll be furious if she finds out you're in town and didn't see her. Risky.]]></document>
		<document><![CDATA[@AdamBlickstein @faduda this is like a fucking coup]]></document>
		<document><![CDATA[@TaraFlynn all the lawyers at JFK, fighting for the American justice and Constitution -  they're all so young. Very heartening.]]></document>
		<document><![CDATA[@pourmecoffee @PigletParker I have a theory that they're the same guy.]]></document>
		<document><![CDATA[@Arianna8927 @Lamhfada HRC is just sitting there, thinking -  Am I taking crazy pills?]]></document>
		<document><![CDATA[@TaraFlynn unless he punches him. 

Imagine.]]></document>
		<document><![CDATA[@mutablejoe @IanMartin so selfish]]></document>
		<document><![CDATA[@SpeakerRyan Dear Mr Speaker, my name is Kevin and I have a school project and I was wondering do you remember selling out? Did it sting?]]></document>
		<document><![CDATA[@danagould we met him last year in Bundoran! He was lovely. He posed for a picture. @ElaineYoung94 https://t.co/Dxv6Q0lfC3]]></document>
		<document><![CDATA[@GovPenceIN when you sold out, do you remember? Did it sting?]]></document>
		<document><![CDATA[@rob_rusk @GeorgeMonbiot Robert, it's complicated.]]></document>
		<document><![CDATA[@brendohare @alicewhitey the hero we deserve]]></document>
		<document><![CDATA[OK, America. I'm going to bed and I want all this *waves finger at massive Constitutional crisis* cleaned up by the time I get back.]]></document>
		<document><![CDATA[@GoChaela and he called C Perry at RTE a slut. The great unfucked prick.]]></document>
		<document><![CDATA[@GoChaela oh oh I have this one!! 😃 #topTrumpsButBlockedAccounts]]></document>
		<document><![CDATA[Quality work here. https://t.co/DnvQxJ1Odt]]></document>
		<document><![CDATA[@KevBaile I'd say Bannon and Co have a bit more to be getting on with yeah. Motherfuckers.]]></document>
		<document><![CDATA[@ThisHeadStuff That'll do, pig. That'll do. https://t.co/uXNWiuMPsr]]></document>
		<document><![CDATA[@nessadinneen ten euro is crazy. in our house, it's two euro and sometimes the tooth fairy even FORGETS!!]]></document>
		<document><![CDATA[@KevBaile that culd take 50 names off the list. nm- too late. The point is there's mayhem behind those closed doors. America is on the rack.]]></document>
		<document><![CDATA[Who else gets 'sigh' and 'sign' the wrong way around every single fucking time? 

Just me. OK.]]></document>
		<document><![CDATA[@Spacekatgal The Challenger. 
*gets blocked*]]></document>
	</documents>
</author>