<author lang="en">
	<documents>
		<document><![CDATA[Quade Cooper boxing that kid is pretty much Straya AF #quadecooper #what #dafook]]></document>
		<document><![CDATA[@guardianmusic @guardian they remixed Kinetic by Golden Girls too]]></document>
		<document><![CDATA[@bain3z Jay Rayner is permanently on the piss so if you're out with him that's a given]]></document>
		<document><![CDATA[@EricaLlorico EA chic 😂]]></document>
		<document><![CDATA[@JamesHorncastle @Inter it's a sign of the times that none of those players are household names. Be great to see Inter at the top again.]]></document>
		<document><![CDATA[@JakeFCohen perfect back up striker and has worked with Conte before. Only people it doesn't make sense for is Swansea?]]></document>
		<document><![CDATA[Hard to take this Chinese league seriously when they haven't even approached Sunderland yet for John O'Shea]]></document>
		<document><![CDATA[What's to stop all the countries leaving FIFA and setting up a new organisation? 48 teams? JOKE]]></document>
		<document><![CDATA[If I read about the 'magic of the cup' again...🙈]]></document>
		<document><![CDATA[First day in work in 2 weeks. The struggle is certainly real.]]></document>
		<document><![CDATA[@EricaLlorico I hear that]]></document>
		<document><![CDATA[Happy 70th to Mr David Bowie]]></document>
		<document><![CDATA[Just finished watching MOTD on the beach. #thelife]]></document>
		<document><![CDATA[@JackHoJo @dublinbusnews lol I'd have loved to witness this 😂]]></document>
		<document><![CDATA[@Arsenal @JackWilshere eh...he doesn't even play for you any more?!]]></document>
		<document><![CDATA[Listening to The Beloved - Sweet Harmony on a beach in Phi Phi. Life pretty much doesn't get any better 👌🇹🇭]]></document>
		<document><![CDATA[That chap pretending to be racially abused on the plane. What a grade A jerk. Hope he gets sweet FA from Santa.]]></document>
		<document><![CDATA[@EricaLlorico @amylbiddlecombe weird things happen to weird people yo 😂]]></document>
		<document><![CDATA[@EoinMcDevitt got to be Toti. Who in their right mind would paint BG like that?!]]></document>
		<document><![CDATA[The worst thing about Christmas? Michael Buble and his Frank Sinatra shtick #gerrupourrathatmate]]></document>
		<document><![CDATA[@JacindaTutty just emailed you Jacinda - be great to hear your thoughts on it! :)]]></document>
		<document><![CDATA[@bglendenning @tSWarmUp the Wayne Rooney way]]></document>
		<document><![CDATA[@GavanCasey as in IT gave their award elsewhere...]]></document>
		<document><![CDATA[@GavanCasey couldn't agree more. Embarrassing that IT gave it to silver medalist ahead of him.]]></document>
		<document><![CDATA[@couriermail on the back of misery and debt. Can't Aus build new jobs in a better way?]]></document>
		<document><![CDATA[@Enda_McNulty I'll be sure to listen out and grab the book. Cheers!]]></document>
		<document><![CDATA[@MickyBridges8 @LucyZelic @ALeague @NewcastleJetsFC @AdelaideUnited @TheWorldGame @Zdrila @Bashola66 6th v last is hardly "massive"!]]></document>
		<document><![CDATA[@Enda_McNulty just listened to your Independent podcast. Really interesting. Nice one 👍]]></document>
		<document><![CDATA[Feel personally let down by 'Ye. Not cool bro!]]></document>
		<document><![CDATA[Carpool karaoke...the worst thing of all time? Yes.]]></document>
		<document><![CDATA[@imfallfromgrace Hi Grace, just checking you got my email ok? Be great if you can follow and DM me your number. Best, Stephen (Frank PR)]]></document>
		<document><![CDATA[@BrianODriscoll @adidas the free gear is what I'd love most as a pro sportsman!]]></document>
		<document><![CDATA[@markgkenny Mark, keen to provide some comment to you for backpacker tax story? Can you DM me with email? Thanks, Stephen, Frank PR]]></document>
		<document><![CDATA[@amleeson Can you follow so I can DM pls, Andrew? Thanks, Stephen Frank PR]]></document>
		<document><![CDATA[Just back from an outstanding weekend in Melbourne. What a great spot! Has everything...bar the weather 😎]]></document>
		<document><![CDATA[Thanks god for Fetty Wap right now #litaf]]></document>
		<document><![CDATA[THIS Is How NEVER To Break Your iPhone Screen EVER Again | KIIS 1065 Sydney https://t.co/ZFUSEOaMkh via @kiis1065]]></document>
		<document><![CDATA[.@louistheroux can you please do an update on the Thai brides episode? So good!]]></document>
		<document><![CDATA[@ballsdotie I'll never forget that corner. At the same time, LFC should shoulder some blame for (lack of) development]]></document>
		<document><![CDATA[Good lord, the land of Thai cannot come quicker!]]></document>
		<document><![CDATA[@footballremind that jersey is appalling]]></document>
		<document><![CDATA[Watched the Oasis doc last night. Quite brilliant! #madferit]]></document>
		<document><![CDATA[@instagram any idea how I log into my other account from my computer? Passwords seem different but won't let me change through the app]]></document>
		<document><![CDATA[@instagram hi - how do I switch between accounts on my laptop? Any idea?]]></document>
		<document><![CDATA[Live Giants stadium '94 with all the Irish in there. What a result! #IREvNZL]]></document>
		<document><![CDATA[Come on, Ireland! 8:00 on Sunday here in Sydney - perfect timing! #IREvNZL]]></document>
		<document><![CDATA[Unsubscribe from unwanted emails and combine the rest into a single daily digest with @Unrollme https://t.co/e63dLpSufu]]></document>
		<document><![CDATA[That Mass Facebook page is absolutely hilarious #youllonlygetitifyoureirish]]></document>
		<document><![CDATA[@flynnymandella LOL on the typo]]></document>
		<document><![CDATA[No matter what Klopp does in Jan, he HAS to keep Sturbridge. Far too good a player to lose - even if just a squad player.]]></document>
		<document><![CDATA[Waking up on a Monday so much easier when you find out United got trounced 4-0 :)]]></document>
		<document><![CDATA[@WanderlustChloe @spain you can't go wrong with the caves in Nerja!]]></document>
		<document><![CDATA[@themartinsamuel @KTHopkins are you not paid by the same people, Martin?! Can't imagine DM editor will appreciate this 😂]]></document>
		<document><![CDATA[@snapchatsupport hi guys, I can't verify my number in Australia - any idea?]]></document>
		<document><![CDATA[@danielmarkavery they're cringe but they've written some great tunes. Much like U2 tbf.]]></document>
		<document><![CDATA[Always feel so uncultured when I've to ask for a fork at the local sushi joint]]></document>
		<document><![CDATA[@joakim_bouaziz agreed - Larry sample quality but Hardrive one unnecessary]]></document>
		<document><![CDATA[@JamiePandaram Hi Jamie, have some really interesting stats re: Bledisloe if you can give me a shout? Best, Stephen, Frank PR]]></document>
		<document><![CDATA[I've ran out of superlatives to describe Lionel Messi so I'm just gonna say I've ran out of superlatives again]]></document>
		<document><![CDATA[Messi though 👌]]></document>
		<document><![CDATA[Tip's flow though #tribe https://t.co/KeLEUs9s77]]></document>
		<document><![CDATA[Shocking news to wake up to re: Axel Foley. RIP.]]></document>
		<document><![CDATA[If my card was rejected but Spotify's still working am I pirating music ?]]></document>
		<document><![CDATA[@ienco_frank Hi Frank, can you follow for DM? Have FFA opp would love to discuss. Thanks, Stephen]]></document>
		<document><![CDATA[@thumpthump what's unusual about that?]]></document>
		<document><![CDATA[Never mind Bob Dylan, DMX is a far more worthy recipient]]></document>
		<document><![CDATA[Super taxed at 95% if I decide to ever leave Australia. Joke decision. What about people who've been here 5 years and r relying on that $?]]></document>
		<document><![CDATA[Not my usual tipple but that Starboy tune is lit AF 🔥🔥🔥🔥🔥]]></document>
		<document><![CDATA[How England haven't lost a qualifier in 7 years is beyond me. #purecrap]]></document>
		<document><![CDATA[The A League’s crowd record in context: Sydney derby versus AFL and NRL https://t.co/cwJf6RTuSj]]></document>
		<document><![CDATA[Off to @SydneyFC v @WesternSydney on Sat night. Very much looking forward to my first Australian football experience!]]></document>
		<document><![CDATA[Buzzing for Dundalk. 4 points from 6 and given themselves a huge chance of getting out the group. Fair play! #Dundalk #EuropaLeague]]></document>
		<document><![CDATA[Did I actually just see @BrockLesnar fighting a paraplegic in #WWE ? Really unsure if a good or a bad thing...]]></document>
		<document><![CDATA[Respect to Arsene Wenger on 20 years at The Arse. What a manager. #LONGEVITY]]></document>
		<document><![CDATA[@Jarlath ...probably been asked a million times before, but any chance of @TheNotoriousMMA on the show?]]></document>
		<document><![CDATA[Nobody cares about the haircuts and the dabs when you're trouncing teams in Italy. Different when you're losing 3-1 to Watford! #PogbaFlop]]></document>
		<document><![CDATA[@pedestriandaily quite literally lit AF fam 🔥🔥🔥🔥🔥]]></document>
		<document><![CDATA[2 hours getting home. Hurrah for Sydney and its bridges.]]></document>
		<document><![CDATA[@johncrossmirror apart from in the one crucial area obv 😂]]></document>
		<document><![CDATA[They should offer counselling to people moving to unfurnished gafs in Sydney! #bleedinstressofitall]]></document>
		<document><![CDATA[@residentadvisor the Jay Z/Dre comment is kinda untrue - like Jay obv gave permission - unlike Boddika in this case]]></document>
		<document><![CDATA[One of the two weeks of the year where I'm up for City #utdvcity]]></document>
		<document><![CDATA[https://t.co/b7C9725DeX let's hope they keep the mixes going. Even just as an FU to the establishment #FabricReview]]></document>
		<document><![CDATA[@blackmadonnachi @codeinedrums @fabriclondon yeah when he mixes in Audion!!!]]></document>
		<document><![CDATA[@danielmarkavery @blackmadonnachi @codeinedrums @fabriclondon any word for the Jaques lu Cont? Or Luciano mix? Or Mayer?]]></document>
		<document><![CDATA[Jesus the Jacques lu Cont fabric CD...what a classic! #FabricReview]]></document>
		<document><![CDATA[Cristiano Ronaldo’s museum: a reminder of a great ego and an even greater talent https://t.co/cAQcna3igo]]></document>
		<document><![CDATA[If hell exists in bus form than Sydney's 389 is surely it. Rivals Dublin's 13A for all round crapness.]]></document>
		<document><![CDATA[everyone bangs on about @realDonaldTrump 's social media prowess when @Drake has over 3 times as many followers :)]]></document>
		<document><![CDATA[@Joey7Barton you've been stealing a living for the past 10 of them at least]]></document>
		<document><![CDATA[When @electricpicnic and @burningman are on but you're stuck in a wet, wet Sydney the FOMO is very, very real]]></document>
		<document><![CDATA[Irish workers living illegally in Australia https://t.co/Tj2qnwqvfO via @ITLetters]]></document>
		<document><![CDATA[#HBO's #TheNightOf is gripping TV. Without doubt up there with The Wire, Sopranos etc]]></document>
		<document><![CDATA[Celebrating 1 year in Straya today #straya #aussie #bogans #thisisthemaclife]]></document>
		<document><![CDATA['Nightlife is still alive and well': do critics have it wrong on Sydney's lockout laws? https://t.co/18eSqVylOp]]></document>
		<document><![CDATA[Winning Olympic gold was incredible. But I wasn’t prepared for what came next | Tom Ransley https://t.co/5853gx56d9]]></document>
		<document><![CDATA[Ross O'Carroll-Kelly: "And, just like that, I’m suddenly a rugby player again" https://t.co/R4b7L5HR1G via @IrishTimesLife]]></document>
		<document><![CDATA[Life and death with the last of Glasgow’s rivermen https://t.co/NOZKcDoj1S]]></document>
		<document><![CDATA[Liverpool were patient waiting for Daniel Sturridge - now it's his turn to be considerate  https://t.co/vtArVrNLaN]]></document>
		<document><![CDATA[.@bglendenning - could you not just do your own pod + sack off James et al? The people want to hear more about your Sunday pints in Brixton!]]></document>
	</documents>
</author>