<author lang="en">
	<documents>
		<document><![CDATA[@hattieyard Don't stress Hats, you'll be fine and smash it]]></document>
		<document><![CDATA[@connorscott69 just think of her and she'll appear again pal]]></document>
		<document><![CDATA[@lillygh valid, I get that. Did you choose a nice looking one?]]></document>
		<document><![CDATA[@lillygh is it?]]></document>
		<document><![CDATA[@lillygh not particularly. I don't mind what the garage looks like before I take a car there 😂]]></document>
		<document><![CDATA[@lillygh so where did one become stuck?]]></document>
		<document><![CDATA[I #ScrumTogether with @DoveMen to win #WALvENG RBS 6 Nations tickets. Pick your match by 8pm &amp; you could too https://t.co/BEpemU8CoI]]></document>
		<document><![CDATA[@connorscott69 it was not]]></document>
		<document><![CDATA[@connorscott69 that wasn't ideal tanto]]></document>
		<document><![CDATA[Trying to settle a bet @KraftHeinzCo. Is the tomato sauce in baked beans the same as the spaghetti??]]></document>
		<document><![CDATA[@ArranWilliams12 face like that I'm not surprised]]></document>
		<document><![CDATA[I #ScrumTogether with @DoveMen to win #WALvENG RBS 6 Nations tickets. Pick your match by 8pm &amp; you could too https://t.co/fPOdDVhpC9]]></document>
		<document><![CDATA[@ArranWilliams12 don't forget who coaches the best team in the club?? #Undefeated]]></document>
		<document><![CDATA[@ArranWilliams12 Hand me downs?? Mans gets his own bruv but I'll remember that #millfield #F.Young]]></document>
		<document><![CDATA[@ArranWilliams12 you do know who chats to AWD though yeah?]]></document>
		<document><![CDATA[How'd you ride the rocket?? https://t.co/RPE2MLsKt8]]></document>
		<document><![CDATA[Great performance by the mighty Dev. Mon les beis #BairstowWho? https://t.co/3UOEZqSipw]]></document>
		<document><![CDATA[I'm routing for Niall @lillygh https://t.co/SDTmQND5Yu]]></document>
		<document><![CDATA[@Tesco Thanks Lloyd, I have DM'd you now]]></document>
		<document><![CDATA[@Tesco Thanks Paul. We are looking for sponsorship if you think you can help. Especially for the @TheWelshVarsity in April?]]></document>
		<document><![CDATA[@Tesco Hi Paul. There were crisps and choc in the plentiful but one refrained from buying due to a saucy trip to the Lloret in April]]></document>
		<document><![CDATA[£50 on a @Tesco food shop and not a chocolate bar or packet of crisps in sight #lloret #tour]]></document>
		<document><![CDATA[They're packing up the market in town. Christmas is officially over 😢]]></document>
		<document><![CDATA[@laaaceeeey @alicatttttt Not popular, it's probably just the same person saying to answer the first message. Haha yeah maybe 😋]]></document>
		<document><![CDATA[@laaaceeeey reply to some of your other messages mate. Don't turn into another @alicatttttt counting notifications 😂]]></document>
		<document><![CDATA[When people clap because the delayed train started to move. I hate you!]]></document>
		<document><![CDATA[Enjoyed a glass of whiskey whilst having the hair and beard trimmed at the new barbers t'up north 🥃]]></document>
		<document><![CDATA[It's bloody cold up north]]></document>
		<document><![CDATA[Excited to see the fam next week after 3 months of not seeing them #home #getmehome]]></document>
		<document><![CDATA[@albert_miles I know pal, it's eating me up inside]]></document>
		<document><![CDATA[In case anyone was wondering, 1 Llandough are also having their Christmas meal. Looks delicious guys #jealous]]></document>
		<document><![CDATA[@TOConnor11 Wouldn't have you any other way pal #BDT #BoozeyLegend]]></document>
		<document><![CDATA[If you didn't know already, 74 Miskin &amp; 26 Llandough are having a Christmas meal... Or at least that's what snapchat is saying 🎄🦃🍴🎅🏼]]></document>
		<document><![CDATA[@JHaines95 phew, safe to walk to work then. Thanks pal]]></document>
		<document><![CDATA[Not to mention the fact that @CardiffUni_RFC ban is over by then so we can enjoy the thought of the lash @YPlasCSU https://t.co/1KQuuZlDTR]]></document>
		<document><![CDATA[Obviously the cracker pulling and terrible dad jokes on hand @YPlasCSU #Destination https://t.co/BcB6q8FrDU]]></document>
		<document><![CDATA[Are there dementors on the loose in Cardiff with this eerie mist that descends upon Cathays #HP]]></document>
		<document><![CDATA[Excuse me @CardiffUni_RFC? Plenty of whiskers here #bearded #movemberlastsallyear https://t.co/YCCUtWFBK2]]></document>
		<document><![CDATA[@albert_miles cheeky lil punt to the face will sort that out. If that fails, rat her out to the bosses for #JusticeForRugbyBoysWhoWant2Learn]]></document>
		<document><![CDATA[@BritishGas #TweetForShelter https://t.co/WTzjKkJ5Kh]]></document>
		<document><![CDATA[@bathrugby with the absolute joue just then. Unlucky at the end #COYB]]></document>
		<document><![CDATA[@tomdunn92 well done mate. Well deserved and great derby win]]></document>
		<document><![CDATA[May be slightly later than I had hoped but now I do 🙌🏻 https://t.co/PVP1Do02v7]]></document>
		<document><![CDATA[London bound for the start of a naughty weekend]]></document>
		<document><![CDATA[@connorscott69 and now they've got one more]]></document>
		<document><![CDATA[@connorscott69 @JustinRowland_ don't I know it?]]></document>
		<document><![CDATA[@connorscott69 @JustinRowland_ she's normally really good at replying... #yourmomma]]></document>
		<document><![CDATA[@tomdunn92 congrats buddy]]></document>
		<document><![CDATA[Amazing 1XV result for @CardiffUni_RFC 💪🏻 #1from1 #wemarchon #monlesbois]]></document>
		<document><![CDATA[Very excited for @CardiffUni_RFC first game of the season #monlesbois #curfc #bringtheW]]></document>
		<document><![CDATA[@Samu_Robertson @abivines @emilysavage96 oops sorry bae]]></document>
		<document><![CDATA[@Samu_Robertson just have to watch @abivines or @emilysavage96 too mate #ooshots #basicwhitebitches]]></document>
		<document><![CDATA[@connorscott69 where men become Gods]]></document>
		<document><![CDATA[@connorscott69 and rugby corner #wheredreamsarerealised #woody #cyacya]]></document>
		<document><![CDATA[@connorscott69 You definitely need that with the questionable birds you take home #daaaawgs]]></document>
		<document><![CDATA[You can't beat a random drunken night out cocktail tasting with the boys #preseason]]></document>
		<document><![CDATA[Really wishes he was going to @Bestival again this year... 😢]]></document>
		<document><![CDATA[Thanks @joelw689 for the nomination. I now nominate @HarryGriff @JHaines95 @SeanBeacham @jdixon95 @connorscott69 https://t.co/2GdQ1hU4Mb]]></document>
		<document><![CDATA[@abivines this should cheer you up https://t.co/YDDvlegUCR]]></document>
		<document><![CDATA[@abivines or just the phone gods?]]></document>
		<document><![CDATA[@abivines that's rather silly of you]]></document>
		<document><![CDATA[@JulianLloydMogg Terrible human being that @ShaunEvans19 for turning green #cardiffwasyourfirstchoice]]></document>
		<document><![CDATA[@swansearfc @JulianLloydMogg Well done bud. Well deserved #bestnotswitchunis]]></document>
		<document><![CDATA[Absolutely love delays 🖕🏻 #SortItOut #GetMeOnHoliday]]></document>
		<document><![CDATA[Excited for a week away in the sun chilling with great company and fingers crossed not burning 🙌🏻 ☺️]]></document>
		<document><![CDATA[Californication]]></document>
		<document><![CDATA[About time. This should've been applied a long time ago  https://t.co/DCUt09hADL]]></document>
		<document><![CDATA[@connorscott69 What's it of lad?]]></document>
		<document><![CDATA[@betsy_jkharas my god, you're so opinionated about people with opinions 🙈😋]]></document>
		<document><![CDATA[When you're that bored you decide to organise the Tupperware in the cupboard 😴 #needtoslowdown]]></document>
		<document><![CDATA[@SeanBeacham is she a caterpillar?]]></document>
		<document><![CDATA[@joelw689 @MaxScobie you'd best not turn that way Joel]]></document>
		<document><![CDATA[@bakersbannana @MaxScobie Idiot chose his Mrs over his beard]]></document>
		<document><![CDATA[It's a sad day when you lose somebody so close to you. A good friend has been lost #rip #beardscomefirst #sortyourpriorities @MaxScobie]]></document>
		<document><![CDATA[@SeanBeacham less of the common]]></document>
		<document><![CDATA[Just had @QuornFoods for the first time, safe to say it'll be the last 😷]]></document>
		<document><![CDATA[This is why they couldn't repeat what these boys had on @BBC_TopGear ... @JeremyClarkson doesn't sugarcoat shit https://t.co/Zs5fjHJ18z]]></document>
		<document><![CDATA[@hattieyard aww thanks Hats 😊]]></document>
		<document><![CDATA[Valiant effort @FAWales .. You showed your potential and earned yourself some new fans #PORWAL #TogetherStronger]]></document>
		<document><![CDATA[@TOConnor11 could be a Welsh rugby beater...]]></document>
		<document><![CDATA[@TOConnor11 No truer words said my man]]></document>
		<document><![CDATA[Demolition. One fucked up film]]></document>
		<document><![CDATA[@Hc26helen That's not nice to @benrobinson09]]></document>
		<document><![CDATA[@Hc26helen @benrobinson09 Well stop tweeting me then kid]]></document>
		<document><![CDATA[@Hc26helen @benrobinson09 Who's that aimed at?]]></document>
		<document><![CDATA[@Hc26helen You're missing out kid]]></document>
		<document><![CDATA[This @O2 travel malarkey looks like it may come in handy this summer 🙌🏻]]></document>
		<document><![CDATA[You know you're bored when you check all social media platforms consistently for the past 3hrs 🙈]]></document>
		<document><![CDATA[Time to get planning 🤔🤓 #excitingtimesahead]]></document>
		<document><![CDATA[@joelw689 @England Only this man can save us now @vardy7]]></document>
		<document><![CDATA[@joelw689 @England Feel like they need it pal]]></document>
		<document><![CDATA[@England Just a heads up, the idea is to score MORE goals than the other team #football #ENGICE #friendlyadvice]]></document>
		<document><![CDATA[Really wish I was at @GlastoFest seeing @coldplay perform right now. Wow]]></document>
		<document><![CDATA[@cerysbowmer try watchseries.li]]></document>
		<document><![CDATA[Congratulations, you brought the country to its knees on the memories of a once "Great Britain" #Brexitsmexit]]></document>
		<document><![CDATA[OMG Battle of the Bastards is epic #GoT]]></document>
		<document><![CDATA[Finally catching up on the last couple of weeks of GoT 🙌🏻]]></document>
		<document><![CDATA[Kate Nash, Foundations. What a belter]]></document>
		<document><![CDATA[No problem @hattieyard 🙂 Always a pleasure]]></document>
		<document><![CDATA[@bakersbannana @Orchardpig Always fishing son 🎣🎣]]></document>
	</documents>
</author>