<author lang="en">
	<documents>
		<document><![CDATA[@g1rad Trump is right and this is fucking bullshit.]]></document>
		<document><![CDATA[@Lorenzosbeats What time does your set start?]]></document>
		<document><![CDATA[Trump is the man. https://t.co/zxpJZ0wVdz]]></document>
		<document><![CDATA[@Red_RightHand It's like when people tell you the drugs are 'clean'.It means they're shit.]]></document>
		<document><![CDATA[Or children. https://t.co/gY2sgwl2lD]]></document>
		<document><![CDATA[@NME Fat twat can fuck off.]]></document>
		<document><![CDATA[Kenny Dalglish has been Liverpools most successful Manager since Rafa Benitez won the FA cup in 2006.

Let that sink in.

#lfc]]></document>
		<document><![CDATA[@ProAntiTheist Bit a a fucking stretch that.]]></document>
		<document><![CDATA[@Krafty_Kuts Can and Lucas need to be shown the fucking door.]]></document>
		<document><![CDATA[Klopp is fucking clueless.

#Liverpool]]></document>
		<document><![CDATA[Liverpool you are fucking pathetic.]]></document>
		<document><![CDATA[This Liverpool is just depressing me.

#lfc]]></document>
		<document><![CDATA[@Krafty_Kuts We're piss poor on many fronts now.]]></document>
		<document><![CDATA[@D10_LFC Pathetic,what happened to Liverpool??]]></document>
		<document><![CDATA[Toothless miserable Liverpool.]]></document>
		<document><![CDATA[@FrReigns Open border style immigration from predominantly Muslim countries.]]></document>
		<document><![CDATA[@FrReigns Not yet,it's ruining society there though,only an idiot would say otherwise.]]></document>
		<document><![CDATA[@D10_LFC Have you seen the stock market lately,confidence is high,lots of new investment and opportunities ahead in the US,exciting times.]]></document>
		<document><![CDATA[@FrReigns Have you looked at Germany,France or maybe Sweden these days? Obviously not.]]></document>
		<document><![CDATA[Liberals be gone with you. https://t.co/Uy7H55hyoo]]></document>
		<document><![CDATA[@SwitchJam @porter_p74 No he isn't,look at the state of the world,all on Obamas watch,you prob think the sun shines out of the mans arse.]]></document>
		<document><![CDATA[@mcgregor_ewan Elections have consequences,blame Hillary for the shit campaign she put together.]]></document>
		<document><![CDATA[@DRUDGE_REPORT Trump would kick the stupid wops ass to hell.]]></document>
		<document><![CDATA[@fantagor You sound like one of the idiots who said he was going to lose in a landslide too,people like you,you're opinion is dogshit.]]></document>
		<document><![CDATA[@b_eternal757 You sound like a broken record,get a life why don't you.So boring.]]></document>
		<document><![CDATA[@AlwaysGrowing00 Oh my what a fucking completely retarded statement I think I've heard it all now.Fuck me sideways.]]></document>
		<document><![CDATA[@Avraham5772 @FoxNews Doesn't the military in large,like Trump?]]></document>
		<document><![CDATA[@Biracial_Chick I'm Canadian,Trudeau is a fucking joke and needs to keep his mouth shut.]]></document>
		<document><![CDATA[16 people followed me and 5 people unfollowed me // automatically checked by https://t.co/bk74Qy952I]]></document>
		<document><![CDATA[@somebadideas As their economies all crash,great.]]></document>
		<document><![CDATA[Many homophobic assholes at Berkeley tonight.

#Milo #Berkeley]]></document>
		<document><![CDATA[@gotthesilver1 @JohnCleese Eh? Stop talking shit will you.]]></document>
		<document><![CDATA[@Asterdarius  You fucking idiot lol wow are you fucking stupid!!]]></document>
		<document><![CDATA[@JohnCleese You've lost it mate and you're not even funny anymore.]]></document>
		<document><![CDATA[@xczimi How bloody stupid,support your team FFS.]]></document>
		<document><![CDATA[@ZEEQUEUE By causing violence and starting fires to stop free speech?Do you realise Hitlers brown shirts the did this in Nazi Germany?]]></document>
		<document><![CDATA[@BettyBooze By causing violence? You're obviously a fucking stupid retard.]]></document>
		<document><![CDATA[Jeff Sessions needs to be confirmed immediately to crush these leftist scumbags. 
#Milo #Berkeley #leftists #scum]]></document>
		<document><![CDATA[@UCBerkeley Fucking leftist assholes.]]></document>
		<document><![CDATA[@pvtstok Trump is president,were you expecting him to fill his cabinet with Obama type liberals or something??]]></document>
		<document><![CDATA[@sobr73 How on earth do you jump to that conclusion.]]></document>
		<document><![CDATA[@TheBlkofWallSt He's from Texas.]]></document>
		<document><![CDATA[T Rex Tillerson is sooo bad ass.

#Tillerson]]></document>
		<document><![CDATA[@theprovince I knew the article was going to end up blaming Trump,what a complete pile of dogshit,how stupid do you think people are??]]></document>
		<document><![CDATA[@D10_LFC oh please.]]></document>
		<document><![CDATA[Are you idiots gonna protest absolutely everything,get a job already.]]></document>
		<document><![CDATA[@rdtingstrom @BBCBreaking Chill the fuck out.]]></document>
		<document><![CDATA[@pastorbones Cut his wiener off.]]></document>
		<document><![CDATA[@funder In watching him for sure now.]]></document>
		<document><![CDATA[@siditty Why? Are you looking for some more members for your cult?]]></document>
		<document><![CDATA[@michaelCrayons Wow you talk a lot of shit...just wow.]]></document>
		<document><![CDATA[@SenSchumer Your niece is a fat dog.]]></document>
		<document><![CDATA[@siditty oooooh Washington insiders.

LOL]]></document>
		<document><![CDATA[@BCX019 @GlobalBC Lol tells me to leave then calls me a bigot.Dealing with an intellectual maggot here.]]></document>
		<document><![CDATA[Soros for Prison. https://t.co/rpJZF5Tswm]]></document>
		<document><![CDATA[@GlobalBC Like his mum kept close contact with Fidel Castro??]]></document>
		<document><![CDATA[@rickygervais Bunch of virtue signaling bellends on here now,what happened to the comedy??]]></document>
		<document><![CDATA[@rickygervais You've been knocking about Hollywood for too long pal,you sound like a complete twat now.Such a shame.]]></document>
		<document><![CDATA[@rickygervais The politically opinionated Ricky Gervais is right cunt.]]></document>
		<document><![CDATA[@mattissotrendy @rickygervais Standard overreacting from the side that lost.]]></document>
		<document><![CDATA[@rickygervais How many shit posts are on here now,you're funny as fuck Ricky please stick to comedy please mate.]]></document>
		<document><![CDATA[@mattissotrendy @rickygervais If you're a big fucking fairy maybe.]]></document>
		<document><![CDATA[@siditty It's Obama's acting attorney general,what on earth are you babbling about now?]]></document>
		<document><![CDATA[@Mdiya2 Support some corporate global coffee company instead of local businesses,that will show that evil https://t.co/KfsnXkBD1d]]></document>
		<document><![CDATA[@dirkeodara @Starbucks Holy you should give a seminar on ass kissing.]]></document>
		<document><![CDATA[I fucking hate celebrities.

#awards #trump]]></document>
		<document><![CDATA[@KGBVeteran I find this type of shit offensive as fuck.]]></document>
		<document><![CDATA[10 people followed me and 10 people unfollowed me // automatically checked by https://t.co/bk74Qy952I]]></document>
		<document><![CDATA[@Blondetidbits Sunni and Shiite Muslims hate each other and it's far from a religion of peace.]]></document>
		<document><![CDATA[@maddyainey1 @realDonaldTrump What a ridiculous thing to say,they haven't even released the names of the shooters and Quebec is in Canada.]]></document>
		<document><![CDATA[@mikeperkins They yelled 'Allah Akbar' before opening fire,you even partially blaming Trump is utterly retarded.]]></document>
		<document><![CDATA[@xcorinnexx The names of the assailants hasn't even been released yet,it could have been someone from the mosque who did it for all we know.]]></document>
		<document><![CDATA[@Democrat_4Trump They haven't confirmed anything yet,very irresponsible to be posting this.]]></document>
		<document><![CDATA[@ResistFalsehood @HDNW1488 @thedailybeast This article is not verified as real.]]></document>
		<document><![CDATA[@VikingMarie @FoxNews By the daily beast?]]></document>
		<document><![CDATA[@ThomasMulcair It was Muslims who did the shooting.]]></document>
		<document><![CDATA[@the_ironsheik Butch from the Bushwackers.]]></document>
		<document><![CDATA[Stop having protests over stuff you know nothing about you massive group of morons.

#MuslimBan]]></document>
		<document><![CDATA[@EllenPage You Hollywood types never ever learn do you.America rejected Hollywood's opinion on Nov 8th and nobody cares what they think.]]></document>
		<document><![CDATA[@ThomasTyrrell That's funny I'm from Stockton Heath.]]></document>
		<document><![CDATA[@MGioffredo @RyanEGraney @rickygervais @Independent Don't need any.]]></document>
		<document><![CDATA[@ThomasTyrrell @rickygervais @Independent LOL keep dreaming pal,lay off the acid.]]></document>
		<document><![CDATA[@rickygervais @Independent All you idiots who are freaking out over this unsubstantiated clickbait calm the fuck down,you're embarrassing.]]></document>
		<document><![CDATA[@RyanEGraney @rickygervais @Independent Hysterical nonsense,considering Hillary had war on the table with Russia proves you're dim.]]></document>
		<document><![CDATA[@MMASOCCERFAN People are overreacting as usual,if it was an all out ban thats one thing,its only hotbed terror countries,chill Winston.]]></document>
		<document><![CDATA[@MMASOCCERFAN I know someone who went camping with Trudeau before he was PM,he objected over having a fire because of the carbon footprint!?]]></document>
		<document><![CDATA[@MMASOCCERFAN Millenials put him in power because he said he was going to legalize weed,if you call that common sense the go ahead.]]></document>
		<document><![CDATA[@Anna_LFC He's obviously just heard the Wolves result over the loudspeaker huh.]]></document>
		<document><![CDATA[@RoguePOTUSStaff @Red_RightHand 911 was a long time ago,of course you wouldn't ban anyone from countries that were involved with that now??]]></document>
		<document><![CDATA[Beautifully fucking illustrated https://t.co/0f7SKoIrgO]]></document>
		<document><![CDATA[@D10_LFC To my understanding,didn't the UK vote Brexit primarily on immigration issues?? And its a two month ban until they can redo policy.]]></document>
		<document><![CDATA[I'm proud of @realDonaldTrump]]></document>
		<document><![CDATA[@BraddJaffy @JAYBOY6930 So what?]]></document>
		<document><![CDATA[@levantina_ @ArtieFissio Why is keeping your own citizens safe and keeping illegals out fascism??? Holy shit are you folk dumb.]]></document>
		<document><![CDATA[@lennyabrahamson @IrvineWelsh Oh sorry I wasn't aware you attended all the military security briefings,my bad.

Idiot.]]></document>
		<document><![CDATA[@SinfulLightskin @BDEhlert @HeadphoneJones_ Wrong.]]></document>
		<document><![CDATA[@HeadphoneJones_ You idiot,you fell for that lol.]]></document>
		<document><![CDATA[@Red_RightHand I'm amazed people still pick up hitchhikers!]]></document>
		<document><![CDATA[9 people followed me and 4 people unfollowed me // automatically checked by https://t.co/bk74Qy952I]]></document>
		<document><![CDATA[@ImmortalTech He's not press he's a propagandist and is on the Clinton https://t.co/8La2L3B3Pk he can eat a bag of dicks.]]></document>
	</documents>
</author>