<author lang="en">
	<documents>
		<document><![CDATA[@staceyvivienne congrats! The nz fairy tale one?]]></document>
		<document><![CDATA[Enjoyed doing fb live during the #eqnz - we had really high engagement &amp; great speakers on video https://t.co/KqbD4EFLM3]]></document>
		<document><![CDATA[Vicki has been volunteering with @NZRedCross for 7 yrs &amp; helped with the #Petone Red Cross shop move, just open tod… https://t.co/i3tezjeFKm]]></document>
		<document><![CDATA[@lauren_olive And you got an earthquake too! Hope all's well]]></document>
		<document><![CDATA[Classic #Kiwi summer shot while eating jafas from the dairy #CableBay #Mangonui https://t.co/8vHrV7Y9HW]]></document>
		<document><![CDATA[@Frances_Duncan I'm feeling that way this summer, and I'm only editing. Must keep at it!]]></document>
		<document><![CDATA[@staceyvivienne I recognise that view! Thomas &amp; I stayed there last year. So beautiful! Enjoy :)]]></document>
		<document><![CDATA["Right now, we’re undergoing a business transformation just as momentous as the advent of the Internet" #SocialMedia https://t.co/PSrjsXEwJH]]></document>
		<document><![CDATA[Whaaat. History is amazing https://t.co/0AzaBHbBy4]]></document>
		<document><![CDATA[@Frances_Duncan definitely keen for that!]]></document>
		<document><![CDATA[Happy early birthday 🎂 to me!  How thoughtful of the workmates to… https://t.co/Tsn8FT5neh]]></document>
		<document><![CDATA[@KrystleF take care of yourself!]]></document>
		<document><![CDATA[@KrystleF thank you! We posted a new fundraising video tonight. How are you, flat out as well?]]></document>
		<document><![CDATA[Being social media manager at a time like this is full-on, but its amazing to see $30K+ donated from fb over last 3 days @NZRedCross #eqnz]]></document>
		<document><![CDATA[More scenes from the apocalypse - Courtenay Place being cordoned off. It's been such a surreal week #eqnz https://t.co/NzQ5TLGmPx]]></document>
		<document><![CDATA[This sums it all up. What a day. https://t.co/cHbVFljZ0w]]></document>
		<document><![CDATA[@WhittakersNZ I take that back. It's actually 50% according to the packet.]]></document>
		<document><![CDATA[@WhittakersNZ 75%.Orange chocolate is truly the best!]]></document>
		<document><![CDATA[@KerrysWindow I'll have to read Thirst next xx]]></document>
		<document><![CDATA[Benefits of having friends who also give to #RedCross. 10 yrs of support! https://t.co/nlpOxVhldH]]></document>
		<document><![CDATA[Watching #BridgetJones The Edge of Reason in prep for the latest movie. @Thomas_Keir thinks its funnier than I do 🎥 #1stisbest]]></document>
		<document><![CDATA[@KerrysWindow I read your book Tony Hogan a couple of yrs ago &amp; loved it. You're an inspiration! Hope you're well x]]></document>
		<document><![CDATA[Language is powerful. It can shape ppl's worlds. Refugee kids read aloud comments from others.  https://t.co/oFG2EieP4e]]></document>
		<document><![CDATA[Checking out the Secret Power exhibit #tepapa. Mysterious art #spooky https://t.co/Na5FtBTtxg]]></document>
		<document><![CDATA[So sad, we were here admiring the views back in January @Thomas_Keir  https://t.co/mSl85iwiQJ]]></document>
		<document><![CDATA[Amazing discovery, could have a better name though #Proximab Hope we get to it in my lifetime https://t.co/AL40c3TVgv 🌠🌌]]></document>
		<document><![CDATA[Love being able to use #Canva in my day job https://t.co/V62KN58gtY]]></document>
		<document><![CDATA[Learning all about project management yesterday with @ibmnz - feeling much more in the know! https://t.co/0fudLvYqX3]]></document>
		<document><![CDATA[Amazing work by #RedCross @crocerossa https://t.co/7wZ62Z0WzB]]></document>
		<document><![CDATA[Urgh! #hiremorewomen https://t.co/TyJ9F9Vljd]]></document>
		<document><![CDATA[We need a broader definition of #wealth - it's not just about $  | Stephen Hawking https://t.co/EGuRAGJIvR]]></document>
		<document><![CDATA[Turkey military coup: Erdoğan says ‘we will overcome this’ – live updates https://t.co/9TAZHG2G3Y]]></document>
		<document><![CDATA[Honey &amp; vanilla bean cake from My Garden Kitchen. Well done @Thomas_Keir I'll just keep munching away at this https://t.co/sl5grKuuL7]]></document>
		<document><![CDATA[@Frances_Duncan @staceyvivienne Sounds good to me! I'm busy 3 Aug but otherwise free]]></document>
		<document><![CDATA[This is amazing... https://t.co/cNnXQPPZQ0]]></document>
		<document><![CDATA[Finally saw #HuntForTheWilderpeople last night. Brought back farm-life childhood memories 💜 But when is it set? Present day or 90s?]]></document>
		<document><![CDATA[Celebrating Dutch &amp; Belgium cultures with @NZRedCross #StandintheirShoes campaign. @ElodieLPBerthe shoes= comfy https://t.co/F7BWDAv8He]]></document>
		<document><![CDATA[We live in a beautiful country, especially on cold winter evenings like this #Greytown #pieceofparadise https://t.co/uGWCZeY5kY]]></document>
		<document><![CDATA[After all the talk of #pies today (for the snowed in ppl in #Otago) I had to go home &amp; make my own @Thomas_Keir https://t.co/evBNlnF0RJ]]></document>
		<document><![CDATA[Something to aspire to @Thomas_Keir  https://t.co/ByoGHlZppM]]></document>
		<document><![CDATA[@AirNZFairy @CookieTimeNZ the old classic chocolate chip 🍪🍪]]></document>
		<document><![CDATA[Today @ #PRConf16 we created a social media PR campaign for Donald Trump- disconcerting how it can be done (&amp; done well)]]></document>
		<document><![CDATA[#PRConf16 how do we as communicators collect metrics though? By building our own frameworks. Esp as existing platforms can give bitsy info]]></document>
		<document><![CDATA[#PRConf2016 how can businesses understand comms teams value? As a profession we need to explain our value, thru metrics]]></document>
		<document><![CDATA[Ok this is hilarious - Robin Thicke being creepy back in 2002. Some things don't change. @TradeMe auction https://t.co/ZNQOxgm9un]]></document>
		<document><![CDATA[.@Guardian has found that more female journos than men get abusive comments.That ole comments section! https://t.co/cbb9ffkYx6]]></document>
		<document><![CDATA[@SlingshotNZ Thanks, think you need to follow me before I can DM?]]></document>
		<document><![CDATA[@SlingshotNZ I tried to upgrade my account but its still showing as pending - &amp; now I'm about to be charged for extra data. Can you help?]]></document>
		<document><![CDATA[@_curly_ju yeah I was getting confused about it - &amp; now I know who the key culprits are ;)]]></document>
		<document><![CDATA[Great explanation... https://t.co/WCGxgxDlqj]]></document>
		<document><![CDATA[This is me!! Harry Potter's female readers now driving the boom in 'grip lit' https://t.co/XXT0dflPCN]]></document>
		<document><![CDATA[What I've been working on for the past year or so :) https://t.co/rmFjnauvnM]]></document>
		<document><![CDATA[Emma Watson is so amazing.. 'Calling me a feminazi doesn't affect me' https://t.co/rIBxjl7ErG]]></document>
		<document><![CDATA[This is what 30 looks like: women across the world share their experiences https://t.co/ABuX6sLRfk]]></document>
		<document><![CDATA[Happy #InternationalWomensDay to all the women working just that bit harder to be recognised, &amp; to be equal. Keep at it!]]></document>
		<document><![CDATA[What?! Richest 62 people as wealthy as half world's population combined https://t.co/spkSJwBs50]]></document>
		<document><![CDATA[The best cure for a hard day is peppermint tea and dark chocolate digestives ☕️🍪]]></document>
		<document><![CDATA[I'm attending the Content Strategy for Agencies Masterclass for free (usually $499)! — https://t.co/1TSjH4VGpc via @GatherContent]]></document>
		<document><![CDATA[Appreciating the simple things &amp; peaceful countryside after todays events in #paris https://t.co/HmXO3qcJBp]]></document>
		<document><![CDATA[@KrystleF Except for Coach - they had it right!]]></document>
		<document><![CDATA[So much ugly: What e-commerce sites looked like in the 90s: https://t.co/D6JFgrjZA0]]></document>
		<document><![CDATA[‘Mockingjay’ Poster Accidentally Spells ‘C*nt’ On Jennifer Lawrence’s Face http://t.co/oeP36EtqlY via @Hollywoodlife]]></document>
		<document><![CDATA[#keepkate Sign the petition and keep Kate lighting our way on the pedestrian crossings at parliament http://t.co/imSFs9mWfa]]></document>
		<document><![CDATA[@Hootsuite_Help help! I'm trying to set hootsuite up on my samsung galaxy s5. It keeps having an error message 'internet not found']]></document>
		<document><![CDATA[Proud that we are able to help refugees making NZ their home! https://t.co/VsqZinn759]]></document>
		<document><![CDATA[How long it really takes to break a bad habit http://t.co/66MDa2I4rE]]></document>
		<document><![CDATA[Smoky feta &amp; lamb, perfectly papriked chips. My fav so far @kelburn pub @WellyOnaPlate #BurgerWelly]]></document>
		<document><![CDATA[Amazing brunch Logan Brown on Sun, creole-style. I got my dessert take away - couldn't fit it in:) @WellyOnaPlate http://t.co/mx5K0ly4IM]]></document>
		<document><![CDATA["We’ve been thinking about rape all wrong" Powerful message: http://t.co/wsOp0qHvgF]]></document>
		<document><![CDATA[Suffering from digital detritus overload. Attempted to clear out iphone notes - its futile isn't it? #TooManyNotes]]></document>
		<document><![CDATA[8 Collaboration Tools to Improve Your Content http://t.co/KogfyNtEkN via @smexaminer]]></document>
		<document><![CDATA[Sign @wateraiduk petition for a world where everyone everywhere has clean water &amp; safe toilets by 2030 #makeithappen http://t.co/ijjis7JCR0]]></document>
		<document><![CDATA[@NZTAwellington whats the best way of getting from hawkes bay to wellington?]]></document>
		<document><![CDATA[If screens will disappear in the future, what sound does your brand make? #DigitalDayOut]]></document>
		<document><![CDATA[@KarlaEllicock or chicken &amp; avo?! Obvs biased review]]></document>
		<document><![CDATA[All 32 Pret sandwiches ranked worst to best | http://t.co/au9i4wsGID @Thomas_Keir @KarlaEllicock Pickle &amp; cheese no. 1?]]></document>
		<document><![CDATA[Could the circular economy be the new Copernican revolution? http://t.co/KMy3DZUfPz @Thomas_Keir for your essay]]></document>
		<document><![CDATA[@Thomas_Keir check out @UniLifeHacker they have a referencing app. Wish I had that at uni!]]></document>
		<document><![CDATA[#disturbing Paleo isn't a fad diet, it's an ideology that selectively denies the modern world | Jason Wilson http://t.co/OOEVL41xa6]]></document>
		<document><![CDATA[Let's all move to Mars! The space architects shaping our future http://t.co/4FROd26xkg]]></document>
		<document><![CDATA[Glad to be in marketing http://t.co/nFwrr37JhL]]></document>
		<document><![CDATA[Thanks @hannarosebutler ! Good to be here and to be part of the great work that the @NZRedCross does.]]></document>
		<document><![CDATA[25 Ways to Stop Feeling Overworked and Overwhelmed http://t.co/mFf1dP8eUo via @marcandangel]]></document>
		<document><![CDATA[28 Social Media Marketing Predictions for 2015 From the Pros http://t.co/RdcfxuItJv via @smexaminer]]></document>
		<document><![CDATA[The meritocracy trap - guilty of this: http://t.co/ppa7IquCv7]]></document>
		<document><![CDATA[#summer2015 summer in #nz is unbeatable. Camping, sunshine, blue water, hundreds of kms travelled]]></document>
		<document><![CDATA[@katyperry we &lt;3 yr cat naming skills. How would u name our cat?? Luv Jana &amp; Thomas 🐯]]></document>
		<document><![CDATA[We have to start shaping the world we want with our clicks. Because clicking is a public act.http://t.co/PXSDYZYZOO via @guardian]]></document>
		<document><![CDATA[Brekkie at Federal St Deli this morn @AlBrownChef love the decor &amp; freshness of the food. yum! http://t.co/elIMq3WJre]]></document>
		<document><![CDATA[#airnzshareme low flying hamilton to welly. Stunner http://t.co/5dlYJNTvi6]]></document>
		<document><![CDATA[Interesting reading: Brian Fallow: Overvalued dollar sounds alarm bells - Business - NZ Herald News http://t.co/r73Noi0YNT via @nzherald]]></document>
		<document><![CDATA[Got the hat, got the shirt, just need the pants wild buck brewery rocks @IndependentLiqu http://t.co/njBUV3klvt]]></document>
		<document><![CDATA[Could the circular economy be the new Copernican revolution? http://t.co/ijkcp0GkA1]]></document>
		<document><![CDATA[#WishMeQuick Help my mum get to the Crossfit Worlds in California?! She's 55 &amp; the fittest lady I know. Needs help with flight&amp;accommodation]]></document>
		<document><![CDATA[@KarlaEllicock @JacobsCreek soooo good! recommend choc &amp; wine combo]]></document>
		<document><![CDATA[To Tell Your Story, Take a Page from Kurt Vonnegut​ - @HarvardBiz http://t.co/8le8zVZVIk]]></document>
		<document><![CDATA[Lemurs at @ZoosVictoria stole the show today @KarlaEllicock http://t.co/yR4IBy3Otd]]></document>
		<document><![CDATA[Hell brings new meaning to billboard skin for rabbit pizza launch :: StopPress http://t.co/lBKugyrBcb via @StopPressNZ]]></document>
		<document><![CDATA[Genesis shares worth more than $1.55, say analysts - Business - NZ Herald News http://t.co/rqViQmwxTn via @nzherald]]></document>
		<document><![CDATA[RT @servicespace Are You Bored Yet? http://t.co/Ki4hIw0nP0]]></document>
	</documents>
</author>