<author lang="en">
	<documents>
		<document><![CDATA[@JacobDanielHam happy birthday man, keep up the awesome work :)]]></document>
		<document><![CDATA[Following all these GFX and social media designers is inspiring &amp; takes me back to my roots - even if it's been a while personally!]]></document>
		<document><![CDATA[We had so much fun at @R9Accelerator this weekend!! Good luck for the teams applying for the accelerator this year!… https://t.co/FUAHmKQUoy]]></document>
		<document><![CDATA[Two more awesome teams take to the stage! https://t.co/1rMOgdCa2X]]></document>
		<document><![CDATA["You, yes you, are going to die"
Love this already! #R9RevUp https://t.co/xevb2zMoBi]]></document>
		<document><![CDATA[Super proud of my cousin for joining a team for this accelerator ☺️ https://t.co/2qfy9xTrOw]]></document>
		<document><![CDATA[The thrill of presenting gets to me every time even though I'm just the slide show button presser 😂]]></document>
		<document><![CDATA[First two teams up! #R9RevUp https://t.co/s05AqFEB68]]></document>
		<document><![CDATA[This is it #R9Accelerator !! https://t.co/yAzhIgDyHu]]></document>
		<document><![CDATA[@orangjes at a 48 hour hackfest again xD will post a bit more later today :pp]]></document>
		<document><![CDATA[#R9Accelerator day 2 let's go! Bless the coffee cart ladies ☺️ https://t.co/uFD1sjXSCG]]></document>
		<document><![CDATA[Day 1 of #R9Accelerator comes to an end!
"You need a team name now"
"Uhhhh Purple Spaceship" 
#Imnotabranddesigner https://t.co/2QbozzVUT9]]></document>
		<document><![CDATA[@justinepepp @LisaNg90 If you guys don't get my email, just letting you know I'll be a little bit late tonight! Leaving R9 soonish!]]></document>
		<document><![CDATA[Opportunity exploration and then some lunch! #R9Accelerator https://t.co/sDxhWvx2fz]]></document>
		<document><![CDATA[We're underway with a weekend of innovation and awesome!@R9Accelerator https://t.co/tTdPuE6Gw6]]></document>
		<document><![CDATA[Moments before the Bubble soccer bloodbath. Didn't expect that it would be more tiring than regular soccer 😂 https://t.co/9iYUvGbs1n]]></document>
		<document><![CDATA[@michaelste_ woo congrats!! Won't be long till you smash that big 250k!]]></document>
		<document><![CDATA[@assertchris I found that funnier than it probably is 😂]]></document>
		<document><![CDATA[Why is it that only New World sells Honey &amp; Lemon throaties, but everywhere else sells only the red ones? :/ Don't really like that flavour.]]></document>
		<document><![CDATA[@skyuni123 I was kinda gutted when I first heard it was only 8 episodes but with this quality I'm really loving how it turned out!]]></document>
		<document><![CDATA[Got to save the last episode for tomorrow but ASOUE is such a good watch! Season 2 soon please?! https://t.co/92BGaEciwM]]></document>
		<document><![CDATA[Nice summer weather... 😭#WeatherBomb]]></document>
		<document><![CDATA[Today was a good day but has made me pretty sleepy 😴 https://t.co/rNtRXfF1BQ]]></document>
		<document><![CDATA[Typical Nina. Plays 3 games of pool and 2 1/2 of those games I was playing my cue stick with my least dominant hand… https://t.co/fsVmRcoCg3]]></document>
		<document><![CDATA[Summer Monday mornings 👌 https://t.co/d81VpDyBdn]]></document>
		<document><![CDATA[@TheFluffyBlue it's been out for two days so it should be somewhere on the internet if you don't have Netflix? It's only 8 eps long!]]></document>
		<document><![CDATA[@TheFluffyBlue do ittttt! It's good!!]]></document>
		<document><![CDATA[Only 5/ 8 episodes through but this is so enjoyable to watch! Sunny is such a tiny savage biting beast. Will finish… https://t.co/1zFc1r2i5O]]></document>
		<document><![CDATA[Finally starting netflix's take on A Series of Unfortunate Events! https://t.co/YvR7a5axuM]]></document>
		<document><![CDATA[#NintendoSwitchPresentation was cool! But probably won't get it till Pokemon "Stars" or Inazuma Eleven Ares gets released!]]></document>
		<document><![CDATA[I've never been much of a Zelda person, but I may potentially invest in this game! #NintendoSwitchPresentation]]></document>
		<document><![CDATA[These three xD #NintendoSwitchPresentation https://t.co/nY2B74w3Vl]]></document>
		<document><![CDATA[SKYRIM #NintendoSwitchPresentation]]></document>
		<document><![CDATA[3rd Party? PLEASE LEVEL 5! GIVE US INAZUMA ELEVEN ARES ALREADY :D #NintendoSwitchPresentation]]></document>
		<document><![CDATA[I've really been meaning to get into Fire Emblem! :D #NintendoSwitchPresentation]]></document>
		<document><![CDATA[That hat! Why is he apologising for his appearance? Don't. It's awesome! #NintendoSwitchPresentation]]></document>
		<document><![CDATA[GRAND THEFT MARIO #NintendoSwitchPresentation]]></document>
		<document><![CDATA[Yay I will finally be able to play Splatoon!! #NintendoSwitchPresentation]]></document>
		<document><![CDATA[Red dead redemption Switch? haha not quite. #NintendoSwitchPresentation]]></document>
		<document><![CDATA[Colourful JoyCons :D Hope to see more colours released later on - esp special editions! #NintendoSwitchPresentation]]></document>
		<document><![CDATA[DID I HEAR THAT RIGHT? NO REGION LOCKING?!?]]></document>
		<document><![CDATA[Less than a minute till Switch time! So hyped! #NintendoSwitchPresentation]]></document>
		<document><![CDATA[I almost choked on the carrot I was eating #eqnz]]></document>
		<document><![CDATA[Christmas chocolate binge has ended with a very sore throat 😭]]></document>
		<document><![CDATA[@Kris_Bartley how have I not seen this 😂"I did a paper on you once" haha]]></document>
		<document><![CDATA[@Kris_Bartley "you were born here? No but where are you ACTUALLY from" 😂]]></document>
		<document><![CDATA[@Kris_Bartley omg this so much!!]]></document>
		<document><![CDATA[Monk and Rogue? @dontbemadmaddie @misnina_star don't you say anything xD https://t.co/kRajNyHveZ]]></document>
		<document><![CDATA[Much happiness ☺️ I've never had Krispy Kreme doughnuts before and my cousin brought me some from Aussie &lt;3 https://t.co/OlLugj0oI7]]></document>
		<document><![CDATA[@Big_E keep it up man! They looks sick!]]></document>
		<document><![CDATA[@DesignLifeFM @stephie_tg yay can't wait to listen to this tonight! c:]]></document>
		<document><![CDATA[Finally gotten myself a ball head tripod since it was on sale c: https://t.co/kM1tV0wZgT]]></document>
		<document><![CDATA[@DesignLifeFM Is it just me, or is Ep58 just 51 seconds? :( https://t.co/BHWDWkmkml]]></document>
		<document><![CDATA[New Years buffet with fam https://t.co/UZDWH90XWs]]></document>
		<document><![CDATA[Wasn't able to get many Pokemon during this New Years Pokemon monopoly game, but for once I wasn't on the verge of… https://t.co/kmaTUeoArb]]></document>
		<document><![CDATA[Lateness due to eating foods, but happy New Years fellow kiwi friends!]]></document>
		<document><![CDATA[I loved the Halloweentown movies so much when I was a kid :( Sad to see Aggie Cromwell go ... #RIPDebbieRenolds https://t.co/F85wcVgVnv]]></document>
		<document><![CDATA[Please stop. #eqnz]]></document>
		<document><![CDATA[Didn't think 2016 would end like this :( #ripcarriefisher https://t.co/vCpPou7cbc]]></document>
		<document><![CDATA[My younger cousin got me this for Christmas - so cute c: https://t.co/Pf0PEdlVFF]]></document>
		<document><![CDATA[Super excited these came in today :D Thank you @DesignLifeFM @charliprangley @femkesvs !! https://t.co/W9znb1eTJc]]></document>
		<document><![CDATA[Awesome episode to end 2016! Thanks for all the amazing advice this year &amp; all the best for 2017!! Now off to follo… https://t.co/kV6mEhQQOj]]></document>
		<document><![CDATA[I'm not doing #nzsecretsanta this year, but it's given me an awful amount of Christmas + birthday gifts ideas for next year 😂]]></document>
		<document><![CDATA[Changing twitter handle from @nina__estrella to  @NeenersEstrella as the double underscore has gotten confusing for people trying to msg me.]]></document>
		<document><![CDATA[Rare times eating Yumcha in the hutt with fam https://t.co/J3pj1BEily]]></document>
		<document><![CDATA[Week before Christmas shopping and finding these means that I'm going to go back on Monday to buy some for myself t… https://t.co/oeste3jGlu]]></document>
		<document><![CDATA[Didn't get to see the graduation parade at lunch today :c but congrats vuw friends who graduated today! (Esp design, comp and info friends!)]]></document>
		<document><![CDATA[Massive line as Kaffee eis :c it's too hot and I just want ice cream]]></document>
		<document><![CDATA[@michaelste_ congratz Michael! Keep on adventuring and rocking that bucket hat!]]></document>
		<document><![CDATA[Vid.me looks like an interesting video community platform.]]></document>
		<document><![CDATA[Love going to Pete's emporium! Don't like how there a many families of 4+ people blocking whole aisle tho :c]]></document>
		<document><![CDATA[Mum decorated the tree/ window decorations last night and it looks pretty sick c: (trying to hide all the crap bell… https://t.co/cQJftmjOqL]]></document>
		<document><![CDATA[@dontbemadmaddie turned to the dark side like @misnina_star &lt;/3 xD congrats tho Starbucks mod :pp]]></document>
		<document><![CDATA[@stef_peacock tbh that fits me more than the dragon xD]]></document>
		<document><![CDATA[Was feeling very Harry Potter today... Super late to the party but I got a Dragon Patronus on Pottermore c: https://t.co/AEUbeaB5Jg]]></document>
		<document><![CDATA[@YoLOGurlEms You and me both right now xD]]></document>
		<document><![CDATA[Firebug was my life when I started to code :( Rest in Pieces https://t.co/D0JWvqzW3W]]></document>
		<document><![CDATA[Pretty awesome birthday 22nd birthday today c: Work got me cake and so did my family so feeling a little chocolatef… https://t.co/hy5ONDEtQe]]></document>
		<document><![CDATA[Eying a new DSLR camera body for my birthday/Christmas present to self. Haven't bought a new one since 2011/2012 &amp; I want to photograph more]]></document>
		<document><![CDATA[Super excited this is here! :D Don't forget to check out this year's
#WellingtonAdvent Calendar! https://t.co/zA4lNMRVzO via @Wellington_NZ]]></document>
		<document><![CDATA[It's that time of year again ;D https://t.co/vhI2uSBbD8]]></document>
		<document><![CDATA[If only I had a place suitable to adopt alpacas :c https://t.co/MX3TON7GNS]]></document>
		<document><![CDATA[Animating hair on photoshop from a stock photo was an interesting ride 😂]]></document>
		<document><![CDATA[@DesignLifeFM have had family tell me: "you cant make much money by making pretty pictures" - their perception of what being a designer was.]]></document>
		<document><![CDATA[@DesignLifeFM I find that many of those unsupportive people don't have a full understanding/ have misconceptions of the end goal.]]></document>
		<document><![CDATA[@AlbieTheManiac @xBlackthornWolf essays are stupid. Just play Pokemon :pp]]></document>
		<document><![CDATA[Aaand here we have the awesome @GalacticDonuts1 at the @summeroftech 2016 launch party! https://t.co/ry0Sq1OEmH]]></document>
		<document><![CDATA[Just a few of Class of 2016 kids wearing the awesomest SoT swag yet c: Thank you again @ruthmcdavitt and @johnclegg… https://t.co/mIyVAMUKeF]]></document>
		<document><![CDATA[HAPPY BIRTHDAY AND THANK YOU @summeroftech! For this year, the past 10 years and many more years to come! We're so… https://t.co/oCO39RrDVa]]></document>
		<document><![CDATA[I should stop being tempted by sweet things 😅 https://t.co/K5ymqf28I0]]></document>
		<document><![CDATA[that gave me a little shiver https://t.co/1YrpNLfQjG]]></document>
		<document><![CDATA[@TheFluffyBlue your tweets are scaring me and I can't watch utapri till tonight ._.]]></document>
		<document><![CDATA[Uhh was not expecting my day to start like this ☺️#PokemonSunMoon https://t.co/nUfvyrptOP]]></document>
		<document><![CDATA[@SweetReleaseWLG so excited c: 
tagging sweet loving friends @Faultystar @remmarkably]]></document>
		<document><![CDATA[@IBexWeBex LOVE YOU BEX ❤️Stay awesome Aussie sis c:]]></document>
		<document><![CDATA[@YoLOGurlEms yeah everything is good :) not a thing fell in our house. Aftershocks still a little scary though lol]]></document>
		<document><![CDATA[Pokemon Moon obtained! So excited to play this after work! Sucks the pins and posters haven't come in on time :( https://t.co/dBf6q2d9f9]]></document>
		<document><![CDATA[@YoLOGurlEms at this rate they'll be engaged by the end of the season and an OVA marriage xD]]></document>
		<document><![CDATA[@YoLOGurlEms it's only episode 7 xD]]></document>
		<document><![CDATA[Today ended well c: https://t.co/puarWrkKjy]]></document>
	</documents>
</author>