<author lang="en">
	<documents>
		<document><![CDATA["This is an example of the blurring of the line between the personal interest in the family business and the govern… https://t.co/icfWjn2doC]]></document>
		<document><![CDATA[@fivefifths Timmy's Prayer puts me in my feelings every time, but it's so good! 😅]]></document>
		<document><![CDATA[Me: Australia is about as far away as I can get from Trump 
Trump: https://t.co/nI9LnBVId2]]></document>
		<document><![CDATA[@Oprah is the reason I went into journalism and now she's back on mainstream air with @60Minutes! https://t.co/gQd8Rf2ot6]]></document>
		<document><![CDATA[The staff said "get out of my country" to a reporter 😳 I shouldn't be shocked at this point, but I am. https://t.co/MQqE8zfFKH]]></document>
		<document><![CDATA[Solid analysis on innocence and victimhood and the women who are afforded it: https://t.co/szykOQbWw6]]></document>
		<document><![CDATA[@ReignOfApril don't disrespect bananas like this]]></document>
		<document><![CDATA[Australia update: Cockroaches are common indoors. The ones here fly. That is all.]]></document>
		<document><![CDATA[@2FishTerilyn the air ain't so fresh! 😂 this is genius]]></document>
		<document><![CDATA["No one can be an afterthought anymore" - @RaquelWillis_ https://t.co/ntuCLPnHhW]]></document>
		<document><![CDATA[ActualIy how I feel about multiple political issues needing attention, wanting to help it all, while gathering thou… https://t.co/D9nEPzt1Gt]]></document>
		<document><![CDATA[@DavidPontious @UofMaryland  That was fast 😳]]></document>
		<document><![CDATA[After Trump Deemed China Foreign Enemy, Anti-Asian Hate Crimes In LA Surged: https://t.co/0uHH0z864Q]]></document>
		<document><![CDATA[Finding small moments of calm during a hectic week 💆🏻 https://t.co/BS5r1sHDbI]]></document>
		<document><![CDATA[I understand boycotting Uber, but that will affect largely POC drivers who rely on the job + don't make corporate decisions/share CEO views]]></document>
		<document><![CDATA[A great analysis by @CJR: "Student journalists especially vulnerable to Trump’s press-as-enemy rhetoric" https://t.co/5C009VRLuD]]></document>
		<document><![CDATA[It's so emotional to see so many people rallying around human rights 🙌🏽 https://t.co/9aStIiPCX1]]></document>
		<document><![CDATA[So are we ready to talk about hierarchies that exist within the term WOC or? I'm looking at you, white passing WOC 👁 https://t.co/n5b1KWUvcq]]></document>
		<document><![CDATA[Ya'll really just don't listen to POC until it's too late. https://t.co/PikMYIRCDx]]></document>
		<document><![CDATA[It's so eerie reading about how South Asian women with bindis have historically been racially profiled/beaten &amp; see… https://t.co/U4ipdgxiNm]]></document>
		<document><![CDATA[When you're trying to watch #HTGAWM in Australia with no TV or cable 😅😭 https://t.co/qgchRvsIGR]]></document>
		<document><![CDATA[The Producer/Director of #HTGAWM is giving the 2017 commencement speech at @IthacaCollege! https://t.co/M7cCtAnBpY]]></document>
		<document><![CDATA["'Feminism' that only centers white women and only works for white women is not truly feminism." - @celisa_mia https://t.co/fwULYywXo4]]></document>
		<document><![CDATA[Women of color behind and in front of the camera matters for storytelling! #OscarNoms https://t.co/d4cdLPks0X]]></document>
		<document><![CDATA[My first week in Sydney has been incredible! I'm so excited to study in this gorgeous city for… https://t.co/tFfXTvq3tu]]></document>
		<document><![CDATA[@knguyen @chrissyteigen maybe it was an "alternative fact" https://t.co/DXMErZxpWI]]></document>
		<document><![CDATA[@isagp23 lol this sounds like something that someone would say in an IC politics class https://t.co/gd4Bvxrxav]]></document>
		<document><![CDATA[@celisa_mia oh my god he came to Ithaca?!! Please tell me it was the homecoming show, I've wanted to see that forever 😍]]></document>
		<document><![CDATA[While there are journalists we can trust and hold on to, journalists as a whole must recognize how our industry fai… https://t.co/2aciLfcWUZ]]></document>
		<document><![CDATA[@FranciscoLWhite I love split this rock! The kids there are so talented, I shared an office with them when I was interning in DC]]></document>
		<document><![CDATA[Asian women have been fighting for generations too. #WomensMarch https://t.co/15Lc4huboc]]></document>
		<document><![CDATA[Photo: "The Price of Silence" via Jason Jeremias #womensmarch https://t.co/WoKjKn2zlk]]></document>
		<document><![CDATA[Journalism reports important events, investigates government, and provides context. Seeing the U.S. continue to fail at these basics 😔]]></document>
		<document><![CDATA[Thoughts after a 14 hour flight worth of media: @FreshOffABC is still amazing, I'm in love with @insecurehbo, and Slumdog Millionaire was 😍]]></document>
		<document><![CDATA[I've always firmly believed that touting acceptance rates/scholarships for poor students aren't enough if those students don't graduate.]]></document>
		<document><![CDATA[Colleges accepting/giving scholarships to poor students also need to provide resources &amp; support towards graduation… https://t.co/1QorGJSZHu]]></document>
		<document><![CDATA[So excited to study here for the next 6 months! Australia, let's see what you got 🌏💪🏽Follow me on instagram: pradha… https://t.co/GJTFoR1GAs]]></document>
		<document><![CDATA[Really disappointed to hear such blatant bigotry and censorship happening in @cityofsydney...I was looking forward… https://t.co/eoDeyyemyk]]></document>
		<document><![CDATA[As an MLK Scholar, my experience continuing his work has been as layered as his legacy. I'll never forget our civil… https://t.co/SIkgEhDTe0]]></document>
		<document><![CDATA[It's easy to glorify people without thinking about personal sacrifices, like safety and family, that come with a pu… https://t.co/1pbuLQirHJ]]></document>
		<document><![CDATA[@valdherie haha I feel like it is 😅 because the only people who seem to be excited about trivia nights/shows are them but then again desis]]></document>
		<document><![CDATA[Don't sleep on the amount of South &amp; East Asian leaders who #StandWithJohnLewis. Exciting time in history!… https://t.co/REZiulBgqB]]></document>
		<document><![CDATA[When financial aid thinks they can play with your emotions for yet another semester: https://t.co/4KtxL8IhNr]]></document>
		<document><![CDATA[@ira sending love and support to you. Internet harassment can be so cruel and scary at the same time. Please do what you must to be safe 🙏🏽]]></document>
		<document><![CDATA[The letter that helped deny Jeff Sessions federal judgeship in 1986 has been missing for 30 years. Until now. That'… https://t.co/Uxj5pC6eWh]]></document>
		<document><![CDATA[Charleston church shooter Dylann Roof is sentenced to death by jury according to @washingtonpost and @CBSNews https://t.co/YvLkuFXGP9]]></document>
		<document><![CDATA[Growing up in Queens, I thought rich multicultural neighborhoods were the norm in U.S., until I moved to suburban p… https://t.co/aoy3ENaSf5]]></document>
		<document><![CDATA[The #GoldenGlobes end with #Moonlight winning Best Motion Picture - Drama! https://t.co/WoupXVjfCF]]></document>
		<document><![CDATA[Meryl Streep urges protecting journalists during her #GoldenGlobes speech! https://t.co/9Ds2cEdzAe]]></document>
		<document><![CDATA[@Donaldglover was brillant in @AtlantaFX. Looking forward to seeing more hilarious social commentary in season two https://t.co/ywqDRcVIBK]]></document>
		<document><![CDATA[Excited to spend the next six months @Sydney_Uni. One week left in New York, time to make the most of it 💪🏽]]></document>
		<document><![CDATA[It's not every day that a first-generation Nepali journalist gets an inside look at the @NewYorker &amp; their staff. I… https://t.co/AdrVjjRUYX]]></document>
		<document><![CDATA[@MalikaAisha @SpitThat I wish I had seen this back in the day 😅😭]]></document>
		<document><![CDATA[Wow, what a throwback! So many good memories from my freshmen year as a guest anchor and assistant producer for… https://t.co/L2hWzqksjd]]></document>
		<document><![CDATA[@MelissaLLXL Thank you! 😊]]></document>
		<document><![CDATA[I've been working my tail off at jobs/internships towards my journo goals since I was 14. Reflecting on this helps me recognize growth 🤗💪🏽]]></document>
		<document><![CDATA[So excited to participate in this dream opportunity with 14 other talented students this week! Stay tuned 😊 https://t.co/VZJI1fUXPE]]></document>
		<document><![CDATA[People stay plagiarizing articles, ideas, tweets and quotes from writers of color. Especially black writers. It's s… https://t.co/6T1IJClm3a]]></document>
		<document><![CDATA[Happy New Year! What a beautiful first day it has been https://t.co/tXkeY9okpT]]></document>
		<document><![CDATA[Yes @mayitacuevita!! 👏🏽 Can't believe you're on a list with major media change makers so soon! https://t.co/jXbBIRqtvv]]></document>
		<document><![CDATA[@ABC this just supports "Mexicans are rapists who should be deported" rhetoric. Knowing this, you can have a headline without fueling hate]]></document>
		<document><![CDATA[ABC did not even try to be subtle with the "Mexicans are rapists who should be deported" rhetoric they are supporti… https://t.co/PtMz4vkpf4]]></document>
		<document><![CDATA[@KTLA the photo of the victim could have been chosen more thoughtfully especially considering she's a minor https://t.co/KD5G4GLk5X]]></document>
		<document><![CDATA[Non-black ppl keep using AAVE + saying which words need to go as if it's yours to decide. It becomes overkill when… https://t.co/qHm9b91Ob3]]></document>
		<document><![CDATA[The funniest take on 2016 pop culture I've read all year: @ira https://t.co/Qxaa37MJKf]]></document>
		<document><![CDATA[@ira this piece and the columns you linked to it are the funniest pieces I've read all year 😂 actually hollering]]></document>
		<document><![CDATA["Classic domination practices, but with new more familiar faces." - @hausmuva on internal exploitation for profit &amp;… https://t.co/kH7ZDLFUAc]]></document>
		<document><![CDATA[Current confidence level since my mentor helped me tackle imposter syndrome &amp; kept boosting me! 😂: https://t.co/2zXnvajVZb]]></document>
		<document><![CDATA[@HIMANSHU just came from a 🔥dosa place there, the desi food in Hicksville is 🙌🏽]]></document>
		<document><![CDATA[Raja Kumari breaks Into Hip-Hop on Her Own Terms: https://t.co/f5OODxLpY1 via @ComplexMusic]]></document>
		<document><![CDATA[Fascinating Harvard Biz article, shows extracurriculars signal class &amp; affect students applying for law internships https://t.co/V38l3bYudw]]></document>
		<document><![CDATA[*Women of color, black women even more so https://t.co/j9dPVp4gDx]]></document>
		<document><![CDATA[@anirvan Thank you for your support! Your work with the Berkeley South Asian Radical History tour has been so influential and important.]]></document>
		<document><![CDATA[Me letting myself be on vacation, even if it is only until Monday, and curling up with How to Get Away with Murder: https://t.co/lH4ZwSylAX]]></document>
		<document><![CDATA[Same story reported 3 different ways 🤔 why did @BuzzFeed make it seem as though pranks were related or relevant to… https://t.co/tDNSdmxEpY]]></document>
		<document><![CDATA[@hausmuva after I read this thread I exfoliated, took a scented oil bath, did a face mask, used body oil and now I'… https://t.co/cQ8l1RwxBT]]></document>
		<document><![CDATA[@kayangrum I'm watching that tonight too! The first 10 mins already got me hooked 😍]]></document>
		<document><![CDATA[@bbcasiannetwork Thank you for having me! @c_syal @Journo_Raj @TulipMazumdar]]></document>
		<document><![CDATA[To elaborate, seeing South Asians as one dimensional superhumans = problems with asking for help. Also hides refuge… https://t.co/tfZYsMI8nV]]></document>
		<document><![CDATA[Hear me talk about South Asian mental health &amp; immigration on @BBC's radio show The Big Debate! Listen at 2:49 https://t.co/6W2YWDM5TW]]></document>
		<document><![CDATA[Coming soon: 
1) Video on farmers surviving Ithaca drought
2) South Asian women in NYC photo series
3) Video on refugee student from Burma]]></document>
		<document><![CDATA[My most recent article: "South Asians exist in political organizing" in the @IthacanOnline https://t.co/wOA3GvKbLS]]></document>
		<document><![CDATA[Check out my article on Nepal, Identity, and Disaster Capitalism: https://t.co/2ED4pzbkoT #repost #throwback https://t.co/uvRVUmgVYY]]></document>
		<document><![CDATA[@nita_sharma the name yung pakora has me in tears!!]]></document>
		<document><![CDATA[This is how you de-colonize instead of "diversify"]]></document>
		<document><![CDATA[Check out this statement about colonization @Sydney_Uni student newspaper site @honi_soit! Wonder when other public… https://t.co/rFZjNfatgl]]></document>
		<document><![CDATA[@aurabogado I wish I could frame this and make this my background and mail this to people]]></document>
		<document><![CDATA[Realizing that after this week I can fill my time with all the books I've been meaning to read: https://t.co/lD86ZZ56J4]]></document>
		<document><![CDATA[Muslim girl called 'terrorist' on subway, reported missing https://t.co/w0CF3InNmR send tips to @NassauCountyPD #NassauCounty]]></document>
		<document><![CDATA[I really hope listening to turn up music while working on intense projects won't psychologically condition me to associate this music w work]]></document>
		<document><![CDATA[Working hard on this election investigation 🕚 it's going to be one of those nights...@Razarumi https://t.co/co1HwKOEWd]]></document>
		<document><![CDATA[Student Refugee from Burma finds support at Alternative high school: #icvisjourn #twithaca: https://t.co/OL2i4TujWC]]></document>
		<document><![CDATA[Fifth time exporting is the charm? #premierepro https://t.co/eF3EQxF0Cu]]></document>
		<document><![CDATA[They did not!!! 😂 😂 @Blavity #Managerofpetty https://t.co/17MENJmVnW]]></document>
		<document><![CDATA[Beautiful video by talented creative/cinematographer @EugeneLeeYang. Been looking up to him for a long time and hop… https://t.co/6TKLO1uiQQ]]></document>
		<document><![CDATA[It is possible to simultaneously celebrate preservation of native land and remain vigilant about the aftermath of… https://t.co/0u2HezXW2q]]></document>
		<document><![CDATA[⚡️ “Journalism must be different now” by @AnandWrites

https://t.co/ySWewWhZY4]]></document>
		<document><![CDATA[Honestly one of the best things about being a journalism major: Finals week is not tests, it's publishing major articles/videos I care about]]></document>
		<document><![CDATA[Ambulances &amp; fire trucks outside @ithacacollege circle apartments, IC staff can't give details but assure things un… https://t.co/FIFtFt3PIP]]></document>
		<document><![CDATA[That's a wrap! Spent the evening covering a Karen refugee student's move to Ithaca. Stay tuned for more #twithaca… https://t.co/2CHnc3cWFD]]></document>
	</documents>
</author>