<author lang="en">
	<documents>
		<document><![CDATA[Three: "Ed Sheeran presale tickets are for our customers" 🖕🏼🖕🏼🖕🏼 https://t.co/K7wr9Eb1Z7]]></document>
		<document><![CDATA[@ThreeCare 11 minutes till Ed Sheeran pre sale are for sale and the website is down!??? 😭😭😭]]></document>
		<document><![CDATA[@AstonMerrygold Are you coming to Dublin? ☺🙏🏻]]></document>
		<document><![CDATA[@truTVjokers @SalVulcano @Joe_Gatto @BQQuinn @jamessmurray Absolutely amazing show tonight! Hope you enjoyed Dublin! See you in October! 👏🏼❤]]></document>
		<document><![CDATA[Is anyone else having a problem with the @YouTube App?? No matter what video I click on it's stuck on this it won't… https://t.co/by11PWHrev]]></document>
		<document><![CDATA[@ollyofficial Oh my god you are 10 minutes down the road from me and I had no clue you where doing a signing 😭😭😭😭😭]]></document>
		<document><![CDATA[@DundrumTC Do you need tickets for the olly murs signing?? 😮😮 I didn't know he was doing one!! 😭😭]]></document>
		<document><![CDATA[Donald Trump is the president of the United States just let that sink in people 😑.Well done America you have fucked up big time!! 👏🏼👏🏼👏🏼🖕🏼]]></document>
		<document><![CDATA[@DubFireBrigade I called to report that fire last night So glad it got sorted so quickly great work ☺️]]></document>
		<document><![CDATA[@LittleMix Amazing amazing amazing!!!!. Made me feel like going and singing that to my EX powerful song I LOVE it!!! 💪🏼😍😍.]]></document>
		<document><![CDATA[@LittleMix Dublin in November? I know I'm asking for, for my birthday next year!! 😍🙌🏼]]></document>
		<document><![CDATA[Hunny G who? Nana Sharpe's in the house!! ✌🏼️😍😂 https://t.co/HIodRNMWj4]]></document>
		<document><![CDATA[The X factor is an absolute joke! Honey G seriously?? She's a disgrace.]]></document>
		<document><![CDATA[I can not believe he didn't put 4 of Diamonds through!! What an idiot!!!! 😪😡😡. #TheXfactor]]></document>
		<document><![CDATA[Me watching #PLLSummerFinale  💔😭😭😭 https://t.co/GsZzkoEeEO]]></document>
		<document><![CDATA[I'm absolutely fuming that Jason won @bbuk Never seen a winner get booed before what a joke Jason didn't deserve that at all!!! 😡😡😡😡.]]></document>
		<document><![CDATA[@bbceastenders made a mistake killing off Paul, He was a great character 😭  @jonnylabey Your face will be missed on the screen! ❤️]]></document>
		<document><![CDATA[@ollyofficial where in Ireland!? 😍]]></document>
		<document><![CDATA[My dog is an absolute beauty 😍😍😍 https://t.co/CjujOxLECh]]></document>
		<document><![CDATA[@truTVjokers when is it back on in Ireland?]]></document>
		<document><![CDATA[Not a happy puppy owner right now! 😂 https://t.co/GA8dVx2HjV]]></document>
		<document><![CDATA[What a turn around 😩 heartbroken for Ireland 💔 🇮🇪]]></document>
		<document><![CDATA[Had an amazing night at the @Busted concert tonight ❤️ caught this when Matt spit it out of his mouth at the end 😜😂 https://t.co/4v2eliwHkq]]></document>
		<document><![CDATA[Got tickets to see @truTVjokers  in Dublin 🙌🏼😍😍. Nothing like an Irish audience you will be blown away I promise 😜🇮🇪.]]></document>
		<document><![CDATA[I lost my shit when I seen @truTVjokers are finally coming to Dublin 😍 buying tickets is a must!!!! 💸🇮🇪]]></document>
		<document><![CDATA[It annoys me so much when people don't bother their arses to get up &amp; let an older person that clearly needs seat sit down on the bus MOVE!😤]]></document>
		<document><![CDATA[@AstonMerrygold @JBGill @MarvinHumes @Oritse saw this floating around!? 🤔😏❤️. https://t.co/ZXqgJ9lyd8]]></document>
		<document><![CDATA[@LittleMix I was in absolute awe of you 4 all night so flawless! Amazing,amazing, amazing!!!!!! 👏🏼😍 #GetWeirdTourDublin]]></document>
		<document><![CDATA[@LittleMix See you in Dublin girls!! Whoop whoop!! 💖 https://t.co/grqn8qCAff]]></document>
		<document><![CDATA[I need to get some sort of sleep now. 😴 I have a mother to spoil rotten later 💅🏼😜❤️❤️❤️]]></document>
		<document><![CDATA["I'm cocky in prediction I'm confident in preparation but I'm always humble in victory or defeat" @TheNotoriousMMA fair play lad 👏🏼 #UFC196]]></document>
		<document><![CDATA[Why did I think it was a good idea to watch @pewdiepie play Layers of fear while I'm home alone I'm prober freaked out 😦😩😂😂😂]]></document>
		<document><![CDATA[@truTVjokers You need to do a show in Ireland!!! 🙏🏼❤️]]></document>
		<document><![CDATA[Here we go!! Come on little mix ❤️]]></document>
		<document><![CDATA[@LittleMix You girls deserve this so much!!! I want you win this award so much it's unbelievable!! 😩😍💪🏼]]></document>
		<document><![CDATA[@LittleMix #BRITVIDLITTLEMIX COME ON GIRLS!!!!!! 💪🏼❤️❤️❤️❤️❤️❤️]]></document>
		<document><![CDATA[@LittleMix I have the IPad on charge to watch tonight and my voting fingers ready 💪🏼😍 #LittleMixBRITs]]></document>
		<document><![CDATA[I hate them "Free give away" pages it's all bullshit they aren't giving away anything!Just looking for retweets and getting fans hopes up 🖕🏻]]></document>
		<document><![CDATA[@AstonMerrygold knowing you are in the same town as me and I can't meet you is literally killing me!! I've been thinking about it all day 😩]]></document>
		<document><![CDATA[@AstonMerrygold Your coming to Dublin I need a new picture it looks like I'm photobombing you 😂 come visit me please https://t.co/omvTj5JcZH]]></document>
		<document><![CDATA[@AstonMerrygold Will you doing anything else in Ireland apart from JasonDerulo? I can't deal with you being in Dublin and not seeing you! 🤔😔]]></document>
		<document><![CDATA[@NickyByrne @GlobeArenas Oh my god I remember that tour 😍 I miss the buzz of a Westlife concert! 😌]]></document>
		<document><![CDATA[So excited that @NickyByrne is representing Ireland for the Eurovision this year! 😌 You will do us proud Nicky!! 🇮🇪🎤]]></document>
		<document><![CDATA[@AstonMerrygold Merry Christmas to you aswell ❤️ just caught up on all your YouTube videos ✌🏼️ https://t.co/QYnnOqHJ9P]]></document>
		<document><![CDATA[@facebook I dont understand how this page is ok in your eyes!? Its naming and bullying young teens! Get it down!!! 😡 https://t.co/Jt9jEuzBAD]]></document>
		<document><![CDATA[YESSSSSS!!! Well deserved!!]]></document>
		<document><![CDATA[Oh my god 😂😂😂😂😂 how how HOW are they there!!!????? 😂😂😂😂😂]]></document>
		<document><![CDATA[@EllaJahmeneJLS_ @xhollydvx @TheXFactor @SimonCowell Well said! JLS deserved a better goodbye than what they got!!!]]></document>
		<document><![CDATA[Even the X factor final has to be all about one direction. Absolutely ridiculous! Glad to see them go for a while. 👋🏼👋🏼👋🏼]]></document>
		<document><![CDATA[Did JLS get this kind of goodbye? No! They aren't even in the X factor clips anymore Disgraceful!! 🙄😏]]></document>
		<document><![CDATA[I swear to god dose everything have to be about 1D!! They are going on break big deal bye bye now!!! Get lost on your way back! 👋🏼👋🏼👋🏼]]></document>
		<document><![CDATA[@AstonMerrygold That's how us Irish roll! 😜🇮🇪🇮🇪🇮🇪🇮🇪🇮🇪🇮🇪🇮🇪 #Proud]]></document>
		<document><![CDATA[No fucking about with the Irish 13 seconds!! 😜 #ProudToBeIrish 🇮🇪🇮🇪🇮🇪🇮🇪🇮🇪]]></document>
		<document><![CDATA[@AstonMerrygold Finally!!! Who are you hoping to win!!?? 😜🇮🇪]]></document>
		<document><![CDATA[@ionamjoe Thank you :)]]></document>
		<document><![CDATA[@ShaneFilan I tried emailing but got an email saying delivery notification fail? 😏]]></document>
		<document><![CDATA[@ShaneFilan where in Ireland are you filming it!? 😃]]></document>
		<document><![CDATA[Just got this message hmmm should I go twice? I think so 😜🤓❤️ @LittleMix https://t.co/QMsinyc9dp]]></document>
		<document><![CDATA[Just posted a photo https://t.co/oHRitIKcpL]]></document>
		<document><![CDATA[Make up for my birthday the other day 🎈🤓 https://t.co/93eOhFFFy8]]></document>
		<document><![CDATA[@Oritse it's my 21st Birthday today 🎈]]></document>
		<document><![CDATA[@LittleMix Are you girls gonna wish me a happy 21st birthday? 🤔😍 xx]]></document>
		<document><![CDATA[Happy 21st Birthday to me I get to spend it alone yay!! 😔😪]]></document>
		<document><![CDATA[@JBGill I'm gonna come over from Ireland for your Christmas festival it should be fun 😍❄️🎄]]></document>
		<document><![CDATA[@LittleMix SEE YOU'S IN DUBLIN 😩😍❤️❤️❤️❤️ https://t.co/jnJMxnfxDR]]></document>
		<document><![CDATA[Absolutely gutted for Ireland 😭💔]]></document>
		<document><![CDATA[@AstonMerrygold I have a job interview in an hour wish me luck 🙈😦]]></document>
		<document><![CDATA[@AstonMerrygold Your cover of Bad Blood is amazing!! 😍👌🏼]]></document>
		<document><![CDATA[Add me 😊 don't be getting nasty I don't need or want to see that stuff thanks 😂😂😷✌🏼️ http://t.co/7WcBQa418T]]></document>
		<document><![CDATA[I haven't felt this sick in a really long time 😷😩.]]></document>
		<document><![CDATA[I think My boyfriend knew he fucked up! 😂. 😍❤️ http://t.co/YlQfUQld1m]]></document>
		<document><![CDATA[So they are just gonna jump forward 5 years!!?? Who killed Mrs D!? #PLL]]></document>
		<document><![CDATA[Finally found out who A is! 👏🏼I thought it was a bit stupid to be honest the least I can say is it was unexpected 😂 #PPL]]></document>
		<document><![CDATA[@AstonMerrygold My boyfriend is loving your song Ast 👌🏼😂💕 http://t.co/EJkbRNtPLF]]></document>
		<document><![CDATA[@AstonMerrygold Will there be any more singles coming out before the album!? 💕 #AskAstonQnA]]></document>
		<document><![CDATA[@AstonMerrygold  If you could have witnessed anything, what would you have want to have seen? 💕 #AskAstonQandA]]></document>
		<document><![CDATA[@AstonMerrygold Are you coming to Dublin soon?? If you are when?💕 #AskAstonQandA]]></document>
		<document><![CDATA[Anyone wanna fly me from Ireland to the USA to watch @ABCFpll I can't wait for it to go up on Netflix!! 😩💕]]></document>
		<document><![CDATA[@AstonMerrygold Come to Dublin soon please 💕]]></document>
		<document><![CDATA[@Lisa_JLS_sharpe: Can't believe it's been a year already since I got my first tweet off @JBGill 🙊💛 http://t.co/2fF5axXRIF]]></document>
		<document><![CDATA[@AstonMerrygold When are you coming to Dublin? 🙈💕]]></document>
		<document><![CDATA[Amazing show tonight @edsheeran 👏🏼👌🏼🇮🇪]]></document>
		<document><![CDATA[@nataliemcc_ @AstonMerrygold yeah I've tried that a few times I don't know what's the story with it 😥 x]]></document>
		<document><![CDATA[@nataliemcc_ @AstonMerrygold that didn't work either 👎🏼😩]]></document>
		<document><![CDATA[How am I supposed to help get @AstonMerrygold to #1 if @iTunes won't let me download the song!?? Sort it out lads!!! 👎🏼]]></document>
		<document><![CDATA[@tashastanwick I've logged in and out 4 times 😩 I'll try logging in on something else 😊]]></document>
		<document><![CDATA[@AstonMerrygold ITunes won't let me download my pre order so I tired to just buy it again and it still says Item no longer available 😤😏]]></document>
		<document><![CDATA[@AstonMerrygold I've tried everything to download the song 😥 I think iTunes has got a bit too stupid!! 👎🏼😏 http://t.co/cJ5UtAyMna]]></document>
		<document><![CDATA[@pwincess_jones @AstonMerrygold the same thing is happening to me 😩]]></document>
		<document><![CDATA[@AstonMerrygold why is this happening???  😩 http://t.co/0htye4Hu4W]]></document>
		<document><![CDATA[Ok no seriously why is it saying it's not available???]]></document>
		<document><![CDATA[Why is it saying content no longer available when I'm trying to download my pre order of Get Stupid!??? 😕]]></document>
		<document><![CDATA[@JadeftAst hopefully it's soon 🙈]]></document>
		<document><![CDATA[@JadeftAst It's horrible not being able to meet him 😔 I haven't met him properly only that one time and I couldn't hear a thing]]></document>
		<document><![CDATA[@JadeftAst They did go to Tallaght the year before I went and I was to young to go 😩😂 yeah I know hopefully he comes over soon 😁🙌🏼]]></document>
		<document><![CDATA[@JadeftAst No I know for sure it wasn't In Tallaght I basically live there now id remember if it was there 😂 I was just gone 18 a week 😂]]></document>
		<document><![CDATA[@JadeftAst It was in a night club in Dublin I can't remember the name of it tho 😂 they DJed there after ChildLine :)]]></document>
		<document><![CDATA[Just got last minute pitch standing tickets to see @edsheeran on Friday 😍 great welcome home present for my boyfriend! I'm buzzing 🎉]]></document>
		<document><![CDATA[@AstonMerrygold Are you coming to Dublin soon!? ☺️❤️]]></document>
		<document><![CDATA[Snapchat- lisa_sharpe No I don't want to see your bits and no I don't send pictures of my bits so if that's your reason don't bother 😂😷]]></document>
	</documents>
</author>