<author lang="en">
	<documents>
		<document><![CDATA[@SeanMcL91 Gimmick. x]]></document>
		<document><![CDATA[@Sincity666 I noticed that on Sunday night with @RealMarkDallas wearing his Shug's Hoose Party Suit. I knew that su… https://t.co/mAkA5Xhfoe]]></document>
		<document><![CDATA[@DaveyBlazeUK @metalgear_en I always played Looney Tunes, HP and Rugrats. I've still got my ps1. x]]></document>
		<document><![CDATA[After his little, "I'll Be Back." Speech at the ICW Awards via video, why do I have the feeling that Andy will return at the Square Go?!]]></document>
		<document><![CDATA[@Dudeist_36 I need to recover an recharge my batteries. GPWA on Friday, Square Go on Sunday.]]></document>
		<document><![CDATA[Watched #BeautyAndTheBeast trailer. No  point in going to see it in the pictures now, the whole film's in the trailer. x]]></document>
		<document><![CDATA[@RealMarkDallas @TheBarrowlands @ticketsscotland @TicketmasterUK woo hoo. Beteer start saving for my first Barrowmania. X]]></document>
		<document><![CDATA[Never drinking again! Alcohol + not sleeping for 24-30 hours = disaster!]]></document>
		<document><![CDATA[The 1 thing i love about making a Joe Hendry cd is that I always have to keep adding.]]></document>
		<document><![CDATA[@DecJohnston believe me when I also say I got outbid on a ebay on a  bdsm kit and bed restraints. X]]></document>
		<document><![CDATA[@Shasamuels @gradowrestling @InsaneChampWres yas!!! Here's hoping that Westie can finally get to meet you both after.  Xxx]]></document>
		<document><![CDATA[@DecJohnston that was when I was single.  I tried the number on his knuckles and then DCTs number.  X]]></document>
		<document><![CDATA[@DecJohnston last time I tried to dial a number from a shirt I got the number for a sex shop! Jester ..]]></document>
		<document><![CDATA[The rallying cry for an idealistic social cause could be so st... More for Pisces https://t.co/YIWBnyDxIv]]></document>
		<document><![CDATA[Thinking of booking a VIP bit either at Catty or The Garage in March. Which one?]]></document>
		<document><![CDATA[When I'm at ICW, it's no secret that I like my hugs, but @DCTWrestler gives one of the best hugs. #OH]]></document>
		<document><![CDATA[If I decided to throw my birthday bash at the Garage. Who would come? x]]></document>
		<document><![CDATA[@GlasgowJester last night when 1 of the dancers was on, 1 of the guys next to me said he saw you pointing in my direction. What was wrong?]]></document>
		<document><![CDATA[Found 15 new unfollowers via https://t.co/VzTtM9aGtx]]></document>
		<document><![CDATA[It appears to be the perfect day to spend in peaceful reflecti... More for Pisces https://t.co/YIWBnyDxIv]]></document>
		<document><![CDATA[Who's ready to party icw style?!!!]]></document>
		<document><![CDATA[Arrived in Glasgow.  Going to get checked in and settled and get changed and go for a munch.]]></document>
		<document><![CDATA[@KingRicochet @Chrispytoal @GallowaySpeaks @TheRealMorrison @reymysterio and Galloway is 6ft 7 + he looks like a giant.]]></document>
		<document><![CDATA[@Sincity666 @DaveyBlazeUK @RealMarkDallas thats more me than him these days.  X]]></document>
		<document><![CDATA[Just seen GPWA's Big Ross on his way to the Asylum from the coach. X]]></document>
		<document><![CDATA[You start the day only to be stopped by a cosmic knock on the ... More for Pisces https://t.co/YIWBnyDxIv]]></document>
		<document><![CDATA[@mrdavidjwilson @InsaneChampWres @ChrisRenfrew1 @stevieboyxavier I hope not cause I haven't got my knuckleduster bag or my sling with me. X]]></document>
		<document><![CDATA[Good morning. What a beautiful day. x]]></document>
		<document><![CDATA[Found 7 new unfollowers via https://t.co/VzTtM9aGtx]]></document>
		<document><![CDATA[I was telling ma man some ICW stories and he loved them. xxx]]></document>
		<document><![CDATA[@Chrispytoal it was 11 when I tried to tweet it in the pub. That's it just came through. x]]></document>
		<document><![CDATA[Pure steaming and it's only 11 o clock.  X]]></document>
		<document><![CDATA[@DaveyBlazeUK @gradowrestling @Maffewgregg @ThatWeeMan @stevieboyxavier is that a hint of a heel Bucky Boys reunion?]]></document>
		<document><![CDATA[@topclasskennedy I like the 'Sometimes A Prospect Becomes A Legend' one better. x]]></document>
		<document><![CDATA[@KaseyOwens5 Have you tried this website? https://t.co/s6f9UH2UGV]]></document>
		<document><![CDATA[Although plenty is going on behind the closed doors of your mi... More for Pisces https://t.co/YIWBnyDxIv]]></document>
		<document><![CDATA[Joe Coffeey vs Damo at Shug's Hoose Party when he won his much earned title and then he lost it. X https://t.co/E5yRQjXf4F]]></document>
		<document><![CDATA[@DecJohnston @Chrispytoal If your looking for stuff to do, there's the big shopping center, casinos, museums, tours.]]></document>
		<document><![CDATA[Thinking of changing ma twitter name. Any suggestions on what I should rename my twitter name?]]></document>
		<document><![CDATA[Found 12 new unfollowers via https://t.co/VzTtM9aGtx]]></document>
		<document><![CDATA[@mothfromdaflats @InsaneChampWres @SeanMcL91 @DebbieSharp19 @KaseyOwens5 @SammiiJayne25 "a ref get a lil choked up." Yeah literally. x]]></document>
		<document><![CDATA[@BrendanJ466 me too.He says, "I want to be a wrestler." He pins me perfectly.]]></document>
		<document><![CDATA[@BrendanJ466 So does my little 1. My 5 year old step-nephew wanted to play wrestling with me and he nearly choked me out!]]></document>
		<document><![CDATA[@ThomasJohnKane @WolfgangYoung @bt_gunn @GlasgowJester Have you tried this one? https://t.co/XkHhuWyIDC]]></document>
		<document><![CDATA[Although you remain cordial on the surface, you can't wait to ... More for Pisces https://t.co/YIWBnyDxIv]]></document>
		<document><![CDATA[Having one of those days! So glad it's the weekend tomorrow or I'll have gone mental! Thank god for Sunday. x]]></document>
		<document><![CDATA[@markmeatsix91 @LauraS_442 he'll be back ...]]></document>
		<document><![CDATA[@BanksBellaMella how bout this one? https://t.co/Zym5QSRxiy]]></document>
		<document><![CDATA[@BethanyVL The bus driver?]]></document>
		<document><![CDATA[@bbceastenders Max with no head in that reflection is spooky #eastenders]]></document>
		<document><![CDATA[I'm assuming the dead body is the bus driver then @bbceastenders #eastenders]]></document>
		<document><![CDATA[Wasn't Whitney pregnant?! @bbceastenders #eastenders]]></document>
		<document><![CDATA[Babe! That's enough! #eastenders]]></document>
		<document><![CDATA[She ain't his wife! #eastenders]]></document>
		<document><![CDATA[Answer your phone Lee!!! #eastenders]]></document>
		<document><![CDATA[It's Whitney! #eastenders]]></document>
		<document><![CDATA[They found the little boy! #eastenders]]></document>
		<document><![CDATA[@VeronicaSalt @mikey__whiplash He's got a point to be fair. x]]></document>
		<document><![CDATA[I had a funny feeling that @ChrisRenfrew1 VS @gradowrestling would be at number 1. x https://t.co/fOj27ia3kD]]></document>
		<document><![CDATA[@BrendanJ466 It isn't. You'd be surprised at some of the junk I have. 1 man's junk is another man's treasure.]]></document>
		<document><![CDATA[@Clare0Bear isn't icw awards on at the same time?]]></document>
		<document><![CDATA[The urge to merge is so strong that it's a challenge to think ... More for Pisces https://t.co/YIWBnyDxIv]]></document>
		<document><![CDATA[Found 13 new unfollowers via https://t.co/VzTtM9aGtx]]></document>
		<document><![CDATA[@SeanMcL91 you too huh? This weekend is one big party for me. 2 events,  1 Saturday,  1 Sunday.  X]]></document>
		<document><![CDATA[Yas! I got paid today!!!! Thank fuck!!!]]></document>
		<document><![CDATA[Andy! aka Peter Pickle  on now #ScotSquad]]></document>
		<document><![CDATA[@VeronicaSalt so do I. I had an obsession with vampires and werewolves etc as a child. Used to freak out everybody at school.]]></document>
		<document><![CDATA[@VeronicaSalt I enjoyed Part One. Nice to meet a kindred spirit who likes the paranormal as much as I do. x]]></document>
		<document><![CDATA[@WolfgangYoung @RudoLightning been a naughty boy has he?]]></document>
		<document><![CDATA[@DebayDeLux preach sister. I've had pmt all week!]]></document>
		<document><![CDATA[@stephenb2015 my da's gonna love that.]]></document>
		<document><![CDATA[@Jay_Gallacher @m_coffey90 I've got to try it!]]></document>
		<document><![CDATA[@stephenb2015 @RealMarkDallas i reckon it's him either getting kicked out the hydro or going on the giro or getting nicked.]]></document>
		<document><![CDATA[So excited for the new Kingdom Hearts game that's coming out. x]]></document>
		<document><![CDATA[That's me to a T then. x https://t.co/Wogu4b7pwY]]></document>
		<document><![CDATA[@NoamDar and we miss you too. x]]></document>
		<document><![CDATA[@DecJohnston @jemmanichollee I've been having lost of dreams, all of them involving the ICW locker room. x]]></document>
		<document><![CDATA[@Chrispytoal That's true. x]]></document>
		<document><![CDATA[@DecJohnston @jemmanichollee No that was a Matt Hardy premoneetioon. x https://t.co/XHAkyNsdzv]]></document>
		<document><![CDATA[Munching on a giant bag of bacon tasties. #SuchAGuiltyPleasure]]></document>
		<document><![CDATA[@RealMarkDallas If it is who I think you think it is, then ... https://t.co/zDAnoNKPEP]]></document>
		<document><![CDATA[Great news, tidying my room up ... i found my slingshot!!! I've been looking for it for ages. x]]></document>
		<document><![CDATA[It feels as if you've been transported back in time because ev... More for Pisces https://t.co/YIWBnyDxIv]]></document>
		<document><![CDATA[@cutiecourtney94 I know what that feels like. If I don't get paid from college this week, I'm going to have a big metldown.]]></document>
		<document><![CDATA[@ChriSaynt been a long time coming since Shug's Hoose Party.x]]></document>
		<document><![CDATA[Can't believe I'm going through pmt now! Picks it's moments!]]></document>
		<document><![CDATA[@Chrispytoal send me the link please.  I'll take a look.  X]]></document>
		<document><![CDATA[@SeanMcL91 Oh yeah that's right, i forgot WCPW in Edinburgh. :( x]]></document>
		<document><![CDATA[1 thing I hate first thing is the smell of cheese and onion crisps in the house. It's going to take forever to get the smell out. Spray out!]]></document>
		<document><![CDATA[@SeanMcL91 @ThomasKearins naw mate, I'M gonna win the Square Go with my pool cue. #Westie4Champ.]]></document>
		<document><![CDATA[Found 12 new unfollowers via https://t.co/VzTtM9shS7]]></document>
		<document><![CDATA[@Simon_Cassidy1 @OneFallMedia floor.  The windows weren't open, doors were shut. I felt a strange presence in the room!]]></document>
		<document><![CDATA[@Simon_Cassidy1 @OneFallMedia me and my gran were watching tv when all of a sudden,  a birthday card simply flew off the shelf onto the ...]]></document>
		<document><![CDATA[@cutiecourtney94 ICW over WC any day.]]></document>
		<document><![CDATA[@SeanMcL91 you going to the awards? Cause I might get you a can if I get paid this week. X]]></document>
		<document><![CDATA[@mothfromdaflats you haven't met me when I'm shit-faced.]]></document>
		<document><![CDATA[Dad just told me he has an itchy nose and I replied, "Have ye aye?"  without thinking. x]]></document>
		<document><![CDATA[@mrdavidjwilson @InsaneChampWres @mothfromdaflats @SeanMcL91 @DebbieSharp19 @KaseyOwens5 a picture tells a thousand words ...]]></document>
		<document><![CDATA[@snulty2 Whitney! #Eastenders]]></document>
		<document><![CDATA[You want to reverse a bus with the body under the wheels?! #Eastenders @bbceastenders]]></document>
	</documents>
</author>