<author lang="en">
	<documents>
		<document><![CDATA[Get me to tomorrow night 😛]]></document>
		<document><![CDATA[@spac3elf always one 😂]]></document>
		<document><![CDATA[@PaigeSutton_ @fuckyofave he's a 10]]></document>
		<document><![CDATA[Positive vibes only 🤘🏼]]></document>
		<document><![CDATA[Nate Archibald is just a mother fuckin dream 🤗]]></document>
		<document><![CDATA[Girls who always give moral support on insta are the best]]></document>
		<document><![CDATA[Hate that stupid orange faced twat]]></document>
		<document><![CDATA[Who gives a shit what people think.It's 2017. Do u 🤘🏼]]></document>
		<document><![CDATA[@PaigeSutton_ ow cal 😭😭😭❤️❤️❤️]]></document>
		<document><![CDATA[Feels odd not going out every night where's the Yellow when I need it... @PaigeSutton_ 👎🏼]]></document>
		<document><![CDATA[Sometimes life just doesn't work out the way you want it to. And that's ok 🙇🏼‍♀️]]></document>
		<document><![CDATA[Can we go back already 😥@PaigeSutton_]]></document>
		<document><![CDATA[I never want to go home 💭]]></document>
		<document><![CDATA[Ok so i saw this today and my heart almost fell out of my chest 💔💔💔 dog lovers u kno😭 https://t.co/EFTSJ0lS7v]]></document>
		<document><![CDATA[Severely disappointed that there's no Eiffel Tower emoji 🤔]]></document>
		<document><![CDATA[Got a flight to Paris in a few hours and can't nod off fuk this shit let's do shots]]></document>
		<document><![CDATA[So Rome's nightlife took me by surprise to say the least #badway 🤕]]></document>
		<document><![CDATA[@kaseecounsell I'll be there 🙋🏼💓💓]]></document>
		<document><![CDATA[I need Starbucks now pls]]></document>
		<document><![CDATA[I can't stop eating someone help]]></document>
		<document><![CDATA[@angharad_evans @hol_marshall apologies for all the mouldy food I must have left 😂😂😂]]></document>
		<document><![CDATA[All I want right now is sweeties 🍭🍡🍩🍿🍬]]></document>
		<document><![CDATA[I am the new Cupid]]></document>
		<document><![CDATA[I'd love to know what the fucks going on in my head sometimes honestly. #mess]]></document>
		<document><![CDATA[Christmas fucking exhausts me I could sleep for days 😴😴]]></document>
		<document><![CDATA[people who put all their fucking designer presents all over social media. maaaaan, bore off]]></document>
		<document><![CDATA[so excited for my 14 hour shift tomorrow 😀😀😀😀😀😀. not]]></document>
		<document><![CDATA[How can you still tweet so intellectually whilst on the shitter https://t.co/cJCLhcOqBu]]></document>
		<document><![CDATA[Luv how @spac3elf submitted my work for me cos I was too scared lol]]></document>
		<document><![CDATA[So excited for this week to be over 👯🍸🍝💏2️⃣0️⃣]]></document>
		<document><![CDATA[Essay done and dusted thank the lord 🙌🏼🙌🏼🙌🏼🙌🏼 can breathe again]]></document>
		<document><![CDATA[Rough 🤕]]></document>
		<document><![CDATA[thank god for @Jacpride 👼🏼💓]]></document>
		<document><![CDATA[@pantherwillz omg how cute is that]]></document>
		<document><![CDATA[I need a Joel in my life 👼🏼 #imaceleb]]></document>
		<document><![CDATA[Flippin eck it's cold ☃️☃️🌬]]></document>
		<document><![CDATA[All i need in my life right now is a Nandos]]></document>
		<document><![CDATA[Pinterest literally saves my life :)]]></document>
		<document><![CDATA[Can't stand selfishness 😩]]></document>
		<document><![CDATA[Gutted I forgot all about the Coca Cola van 😭😭😭😭😭]]></document>
		<document><![CDATA[Desperate need of some sort of pick me up 😔😔 get me to my pup 🐶]]></document>
		<document><![CDATA[I'd want to rip Martin's hair out if I was in there #imaceleb 👺👹]]></document>
		<document><![CDATA[I'm deffo not old enough to be viewing houses 😳 #Help]]></document>
		<document><![CDATA[pls pls pls answer this if you're scrolling passed with 2 mins to spare. Would be much appreciated &gt; https://t.co/cHVA3pxz0x]]></document>
		<document><![CDATA[Lick the bean @kaseecounsell https://t.co/nkfiHVfSw5]]></document>
		<document><![CDATA[BUZZING for a revs Tuesday tomos 😁]]></document>
		<document><![CDATA[damn I got these bitches on lock doh]]></document>
		<document><![CDATA[@ChelsieBurke waiting for holly to get out of the hospital 😩 #getmetobed]]></document>
		<document><![CDATA[@ChelsieBurke don't worry we're still up 🏥🆘]]></document>
		<document><![CDATA[So ready for Christmas. Need some festive spirit in my life 😫😫🙏🏼]]></document>
		<document><![CDATA[Happy birthday dickhead 2️⃣0️⃣🎉🎊@spac3elf]]></document>
		<document><![CDATA[Love the @marksandspencer ad ❤️✨🎄☃️]]></document>
		<document><![CDATA[SO done with today 👊🏼]]></document>
		<document><![CDATA[Wish I wasn't such a worrier 😔😔😔]]></document>
		<document><![CDATA[Knackered. jammies and Big Bang theory for me 😴🤓🙌🏼]]></document>
		<document><![CDATA[This world is fucked mate]]></document>
		<document><![CDATA[To revs or not to revs 🤔]]></document>
		<document><![CDATA[#TOWIE gets more tragic by the episode 😴]]></document>
		<document><![CDATA[@pantherwillz bout time you followed me back lil bitch xo]]></document>
		<document><![CDATA[I need to see this vid #killedmeoff https://t.co/II0FYfHZJf]]></document>
		<document><![CDATA[As if it's November already life needs to slow down 😫😯]]></document>
		<document><![CDATA[I've gone 3 weeks without @PaigeSutton_ Can't cope much longer 😭]]></document>
		<document><![CDATA[Silly bitch]]></document>
		<document><![CDATA[Working in M&amp;S on Sundays is a fucking nightmare 🙄 oldies out in force 👵🏼👵🏼👵🏼👵🏼👵🏼👵🏼]]></document>
		<document><![CDATA[Just walked past some lad fingering a right mut in cardiff a bus station. NIIIICE #help]]></document>
		<document><![CDATA[@BeckFreeBitch @BritishBakeOff Rooting for Andrew 🙏🏼🙏🏼 he is bae X]]></document>
		<document><![CDATA[BUZZIN for tonight @BritishBakeOff 🤗🍰🎂]]></document>
		<document><![CDATA[omg my heart 😢😢😢❤️ https://t.co/EWFJZB2dlI]]></document>
		<document><![CDATA[FABULOUS weekend over . Back to work 😾✏️💻🎨]]></document>
		<document><![CDATA[Happy bday @aboynamedjacob won't embarrass you with all the pics I've got dw. Have a good day 🎉👌🏽 X]]></document>
		<document><![CDATA[Happy birthday my no. 1 🙌🏼🙌🏼🙌🏼🙌🏼🙌🏼 ❤️❤️❤️❤️❤️❤️#somuchlove @Jacpride https://t.co/EHqbEFuKmW]]></document>
		<document><![CDATA[I've spent £300 in 10 days. I need help 😭]]></document>
		<document><![CDATA[9am Monday lectures are not ok 😴]]></document>
		<document><![CDATA[Happy Bday fellow princess @hol_marshall #flat1006 #staypeng ✨👑✨👑✨ https://t.co/cMEmtVldzc]]></document>
		<document><![CDATA[Just burned a jacket potato to a crisp in the microwave... TBH I need my mum back 😂😭😭]]></document>
		<document><![CDATA[Nope still can't get on with this press home to unlock bollocks 🙄 #ios10]]></document>
		<document><![CDATA[All these clowns tho I can't omg 😭😭😭😭😭]]></document>
		<document><![CDATA[Fuck this doing actual work malarkey I need to get out 🍸🍷🍺]]></document>
		<document><![CDATA[Lush flat mates 💖💖]]></document>
		<document><![CDATA[James totally deserved a place 😞 #Xfactor]]></document>
		<document><![CDATA[@PaigeSutton_ and I have to deal with them 😀😀😀😀😀😀😀]]></document>
		<document><![CDATA[Ain't got time for that shit 😴]]></document>
		<document><![CDATA[James Arthur's new song gets me every time 😰]]></document>
		<document><![CDATA[So excited for Christmas this year ✨🎅🏻]]></document>
		<document><![CDATA[The fact that I was on queen street a few hour before the stabbing happened is so scary. Such awful people in this world 😭😫]]></document>
		<document><![CDATA[CAN NOT WAIT to sleep tonight 💩]]></document>
		<document><![CDATA[@JamieLaing_UK ow where u at them]]></document>
		<document><![CDATA[Constantly tired 😴]]></document>
		<document><![CDATA[@pricey1927 where u @]]></document>
		<document><![CDATA[Love the sound of rain on the windows 🌙🌧😍]]></document>
		<document><![CDATA[Makeup shopping is the best therapy :)))]]></document>
		<document><![CDATA[Only 1 week of drinking and I've gotten SO un fit 😭😭😭😭😭😭😭😭]]></document>
		<document><![CDATA[@spac3elf ur rich just get them all]]></document>
		<document><![CDATA[Not even a week in and I miss my dog too much 😭]]></document>
		<document><![CDATA[@Hannah_Porch  it's fab han! especially handy for me right now 😂 Congrats X]]></document>
		<document><![CDATA[@aboynamedjacob can't hack it]]></document>
		<document><![CDATA[@PaigeSutton_ where r u]]></document>
		<document><![CDATA[Get me into my uni flat NOW 👯👯👯]]></document>
		<document><![CDATA[Zante turned my into a right little fatty. Gym pls. 🐷🐷🐷🐷]]></document>
		<document><![CDATA[The struggle is real]]></document>
	</documents>
</author>