<author lang="en">
	<documents>
		<document><![CDATA[@Ctracy861 description sounds a bit 'meh business book' but it's really interesting thus far.]]></document>
		<document><![CDATA[@Ctracy861 I spotted that you were reading it and added it to my list. :D I'm currently reading this : https://t.co/o4SduHkMoc]]></document>
		<document><![CDATA[“One Surprising Truth about Introverts” by @larrykim https://t.co/eq72HikkIM]]></document>
		<document><![CDATA[@postenterprise indeed. And I'm sure those who lose out in the shuffle will likely be those who are already on their knees.]]></document>
		<document><![CDATA[@postenterprise having listened to that podcast, I have deep reservations that whatever we give up to 'take back control' it'll be too much.]]></document>
		<document><![CDATA[Listening to... Desolation Radio: Wales Bill feat. Richard Wyn Jones  https://t.co/7DyS3JUv3d]]></document>
		<document><![CDATA[Listening to... BBC The Inquiry: What Would ‘No Deal' Mean For Brexit Britain?  https://t.co/GYRUofQzfc]]></document>
		<document><![CDATA[@markjhooper @whatsthepont consistently excellent. 👍]]></document>
		<document><![CDATA[@BakedIdea Agreed! Very encouraging.]]></document>
		<document><![CDATA[Good post on the importance of challenging your own hidden assumptions. https://t.co/2tpg2ioKgf]]></document>
		<document><![CDATA[@dorkomatic me too! 👍]]></document>
		<document><![CDATA[Signed! Almost at the 3 million mark for signatories. https://t.co/O9KRaDkP2l]]></document>
		<document><![CDATA[Petition: Prevent Donald Trump from making a State Visit to the United Kingdom. https://t.co/lcAg97ZcP4]]></document>
		<document><![CDATA[“Why Collaboration Does Not Equal Innovation” — @PaulBromford https://t.co/yXLHt9F1DX https://t.co/hohEhLX7wN]]></document>
		<document><![CDATA[I forgot that the Apple logo used to be upside down. https://t.co/aa1BCZcTdm]]></document>
		<document><![CDATA[Too true! https://t.co/a1s5ySxgKb]]></document>
		<document><![CDATA[@shirleyayres absolutely! People get hung up on technology, when they should be focusing on how it furthers their core purpose.]]></document>
		<document><![CDATA[@PaulBromford cheers Paul! I'm notching 'less than shitty' up as a reasonable start. 😄]]></document>
		<document><![CDATA[@antonyslumbers and thus created a dependency where he might get called back. Urrrgh!]]></document>
		<document><![CDATA[Worth keeping an eye on #nhshd today. https://t.co/t30y6Eyt1J]]></document>
		<document><![CDATA[Probably lining him up for some god awful Enterprise software that runs on Windows and looks like it was designed i… https://t.co/GieJGzYfdn]]></document>
		<document><![CDATA[Happy Friday! Braindump #16 inbound! 😎 https://t.co/F5sBeW1pGu]]></document>
		<document><![CDATA[Attention #ukhousing types! Who's thinking about User Experience? Interested in this? https://t.co/I8qwnibYHi]]></document>
		<document><![CDATA[Occasionally I spot a Yammer post and get a glimpse of the future of work we've been promised. #workingoutloud https://t.co/bpdWF5Bxvu]]></document>
		<document><![CDATA[@ngoodrich87 this 'will of the people' stuff makes gnash my teeth because it ignores the basic concept of representative democracy.]]></document>
		<document><![CDATA[@ngoodrich87 I think people are so disengaged from the process that they don't understand the fundamentals.]]></document>
		<document><![CDATA[@ngoodrich87 didn't we know that before? A portion of America find those admirable traits. 🙄]]></document>
		<document><![CDATA[When we're eventually managed by algorithms, will self motivation become a problem? https://t.co/06oGC4mSlH]]></document>
		<document><![CDATA[@HelReynolds bookmarked as an example of 'authentic voice'. 👌]]></document>
		<document><![CDATA[@whatsthepont on similar lines to deviant librarians.. seen this? https://t.co/2O5jV6n0P5]]></document>
		<document><![CDATA[If you're interseted in making local democracy better, you may be interested in this.. #NotWestminster https://t.co/5V3O3ZZtI1 @EventbriteUK]]></document>
		<document><![CDATA[@likeaword a Google search on 'Council Portal' tells me otherwise!]]></document>
		<document><![CDATA[This may be the only context in which 'portals' are acceptable. https://t.co/189h3KMm8d]]></document>
		<document><![CDATA[Alright. Should we make a pact to stop using the word 'portal' in relation to websites?]]></document>
		<document><![CDATA[@DyfrigWilliams Hi mate - hope you're feeling better today. Are these guys on your radar? https://t.co/o11zH43sEU]]></document>
		<document><![CDATA[@ballantine70 Ha! If all cars were automated, no problem. Bloody humans causing problems again! ;)]]></document>
		<document><![CDATA[@ballantine70 I have a vague recollection of someone developing a car with a 'face' on the front to communicate to others what it was doing.]]></document>
		<document><![CDATA[@paulturner500 @ngoodrich87 amen! 🙌 The alternative are big rambling expensive IT projects that 'fix' the wrong problems.]]></document>
		<document><![CDATA[@ngoodrich87 @paulturner500 progress is being made, but I'm sure there's still some IT depts that rule technology with an iron grip!]]></document>
		<document><![CDATA[@RobJefferson @paulturner500 yep. Also helps build empathy for service users. And build digital literacy if they're directly involved.]]></document>
		<document><![CDATA[@RobJefferson @paulturner500 + as Paul says, big part is cultural change. So can't have departments absolving responsibility to IT/Digital.]]></document>
		<document><![CDATA[.@RobJefferson @paulturner500 think it comes back to having digital skills embedded across org. Old model was to concentrate it in one place]]></document>
		<document><![CDATA[This all sounds distinctly familiar. Great to see some working out loud via @paulturner500 https://t.co/p07RAyP3h9 https://t.co/RTJ3J6X123]]></document>
		<document><![CDATA[@DyfrigWilliams  Penblwydd Hapus! 🍻Day in watching Serpico sounds pretty ace. Shame about the lurgi. 👎]]></document>
		<document><![CDATA[Catching up with last weeks @TheSatoriLab email newsletter. Some good brain food in here. https://t.co/eYGmY7kjLA]]></document>
		<document><![CDATA[@shirleyayres @PaulBromford Paternalism is the default setting. I wonder how many are even aware?]]></document>
		<document><![CDATA[And while there's no legislation around the maximum passengers you can cram on a train, it's in Arriva's interest to maximise profit.]]></document>
		<document><![CDATA[The challenge is fundamentally about capacity of services (or lack thereof) during peak times. Seems very little intention to tackle that.]]></document>
		<document><![CDATA["The challenge for us is how do we make the best possible service we can with the trains that we've got." - wrong c… https://t.co/s6CeQvXXu0]]></document>
		<document><![CDATA[“Cognitive bias cheat sheet, simplified” by @buster https://t.co/p4bbsyY7Ox]]></document>
		<document><![CDATA[@shirleyayres @PaulBromford how often do users have a choice in the IT they use in the workplace? :D (hardly ever)]]></document>
		<document><![CDATA[@shirleyayres @PaulBromford have seen this loads within the microcosm of IT system implementations. Same sort of principles at play imho.]]></document>
		<document><![CDATA[@shirleyayres @PaulBromford I think paternalism plays a part. Where people don't behave as expected, the temptation is to force/nudge them.]]></document>
		<document><![CDATA[Most things that are wrong with traditional IT encapsulated in one tweet. https://t.co/uM8u8zEVxy]]></document>
		<document><![CDATA[@shirleyayres @PaulBromford or more accurately, putting organisational needs in front of user needs is an option.]]></document>
		<document><![CDATA[@shirleyayres @PaulBromford If your customer isn't really a customer (because they have to use your services) then ignorance is an option.]]></document>
		<document><![CDATA[@allyblue22 I've learned from some of the best! ;)]]></document>
		<document><![CDATA[@PaulBromford Nice one Paul! Hope the return from paradise hasn't been too jarring. ;)]]></document>
		<document><![CDATA[Heard of a few instances where web chat has died a swift death. In those instances, I wonder if it's been pondered from perspective of user.]]></document>
		<document><![CDATA[I've recently had cause to revisit this GDS post on webchat interfaces. Some really useful insights within. https://t.co/3u18UsXNds]]></document>
		<document><![CDATA[Impressive prediction from 1995. https://t.co/EOzj2gWltX]]></document>
		<document><![CDATA[@markjhooper probably the work of the brussel sprout lobby!]]></document>
		<document><![CDATA[New post : A reminder that building systems without seeing them in action leads to terrible customer experience. https://t.co/888Xhkd09o]]></document>
		<document><![CDATA[Whenever I see stuff like this.. Who's funded that research? Has this been peer reviewed? https://t.co/TOOn8J2Mfe]]></document>
		<document><![CDATA[I'm listening to... Desolation Radio: Wales and the Economy feat. Calvin Jones  https://t.co/d3ksqsZWYE]]></document>
		<document><![CDATA[We get taxed for purely existing. So why not pay people for existing too? https://t.co/afsRy8rnNI]]></document>
		<document><![CDATA[@britz thanks Mark! You've summarised my post beautifully there. 👍]]></document>
		<document><![CDATA[@davidcarboni Cheers David! Wish I'd hit this realisation a few years earlier and saved myself some stress.]]></document>
		<document><![CDATA[I'm listening to... NPR Politics Podcast: The Inauguration of Donald Trump  https://t.co/OjP0dYfeKZ]]></document>
		<document><![CDATA[New post : The perils of building things for people or places you've not visited.  https://t.co/xfvQG6Si7A]]></document>
		<document><![CDATA[Seems like a good time to retweet this. https://t.co/QXNP7iAjDt]]></document>
		<document><![CDATA[@whatsthepont You're welcome. Brill bloggage as ever. On a related note, you might enjoy this tweet : https://t.co/6ESFqBLQJf]]></document>
		<document><![CDATA[@GlynRJones hmm! That's a fairly essential bit of functionality]]></document>
		<document><![CDATA[@GlynRJones is it down the bottom? I've noticed they've been A/B testing the location of it.]]></document>
		<document><![CDATA[Half day spent talking about digital services with tenants, other half spent ruminating on leadership with colleagues. Excellent brain food.]]></document>
		<document><![CDATA[@jukesie this event on smart cities is happening in Cardiff on Feb 2nd. https://t.co/tFJI8Rbb68]]></document>
		<document><![CDATA[@TheObiSean ha! No worries. 😁]]></document>
		<document><![CDATA[@ManeeshJuneja I liked that I could look around the conference hall, not just at the speakers. There's something compelling about that.]]></document>
		<document><![CDATA[@ballantine70 have you just described the gig economy! ;)]]></document>
		<document><![CDATA["The best way to have a good idea, is to have lots of ideas." - Indeed! https://t.co/LcaQMzQ4md]]></document>
		<document><![CDATA[@ballantine70 of course! 👍]]></document>
		<document><![CDATA[@ballantine70 really good observations Matt. Side projects have always been my mechanism for 'play' when I couldn't get away with it in work]]></document>
		<document><![CDATA[@theobisean maybe it’s a new thing? Really cool idea.]]></document>
		<document><![CDATA[This is a really good read. Pods =  A small autonomous unit that is enabled and empowered to deliver things that cu… https://t.co/s0dFoIS2RD]]></document>
		<document><![CDATA[This may be of interest to some of you. Particularly those in #ukhousing who have one eye on the future. https://t.co/SvTdIUupi0]]></document>
		<document><![CDATA[@BakedIdea Noted! :)]]></document>
		<document><![CDATA[Interesting way to stream a conference! 360 degree view. https://t.co/Z4vZ7JmjUA]]></document>
		<document><![CDATA[I'm on the scout for digital maturity models. This one looks interesting - https://t.co/uhGuJiJKjD - does anyone else have a better 'un?]]></document>
		<document><![CDATA[And this is a good cautionary tale of how the political process can intentionally/unintentionally mangle an idea. https://t.co/CMfz8MeuDm]]></document>
		<document><![CDATA[Encouraging! We need lots of trials. More data &amp; evidence the better.  HT @BasicIncWales https://t.co/2sZZHkUxzn]]></document>
		<document><![CDATA[Amen! Critical feedback is a goldmine for learning &amp; improvement. https://t.co/yQU7k9VAJj]]></document>
		<document><![CDATA[Just finished reading Turn The Ship Around by David Marquet. Highlights the pitfalls of command &amp; control + how to address them.]]></document>
		<document><![CDATA[Enterprise IT may not be the right delivery mechanism for organisation wide digital change.  https://t.co/6AxfxqIhzN https://t.co/FDSYfwE6tO]]></document>
		<document><![CDATA[Good read on why politicians will struggle to 'bring back factory jobs'. HT @likeaword https://t.co/x56gmZhh3W https://t.co/ozz3w2GqQU]]></document>
		<document><![CDATA[@dosticen Aw, thanks Lorna! As ever, I'm delighted if anyone else finds something useful in there. :)]]></document>
		<document><![CDATA[Not happy about these Internet Explorer pop ups suddenly appearing in #Windows10. https://t.co/tg94tkYvUp]]></document>
		<document><![CDATA[@DaveAFloyd could you argue that this is aimed at staff that wouldn't have utilised Exchange/Outlook/Office?]]></document>
		<document><![CDATA[@RobJefferson Ownership.. as in they want to retain ownership of it?]]></document>
		<document><![CDATA[This new staff hub thing from Microsoft looks interesting. Productivity tools for front line workers. https://t.co/FVwf9MaNsO]]></document>
		<document><![CDATA[@RobJefferson Yes, good point! Easy to get disconnected from the experience of using a mobile device. Do you test stuff with users?]]></document>
	</documents>
</author>