<author lang="en">
	<documents>
		<document><![CDATA[@RGC_BPPA @mic that woman just wants more lesbian porn tho - what's wrong with that? ¯\_(ツ)_/¯]]></document>
		<document><![CDATA[New fact: If you're sad with America's chief commander, feel happy with a new calendar 🥂📅 108 e… https://t.co/BfQgQLYjvp]]></document>
		<document><![CDATA[@graemenrodgers our prime minister's don't make demands of America. It's the other way around.... @blue_jay_john @Alyssa_Milano @CNN]]></document>
		<document><![CDATA[@ianjamesyoung70 income tax is burdensome to collect; land tax is easy. Who's winning? @Fck_the_doomers @mrbestrealty @AnneMcMullin]]></document>
		<document><![CDATA[@ianjamesyoung70 the stress of income tax, not Land is our  distort https://t.co/Ig3eYaK31B @Fck_the_doomers @mrbestrealty @AnneMcMullin]]></document>
		<document><![CDATA[@KaneTruth @michaelshermer @MichelleLZier ⭐️⭐️⭐️⭐️⭐️ "Nothing left"]]></document>
		<document><![CDATA[Red and blue https://t.co/6F86u2hzfi]]></document>
		<document><![CDATA[@REITCanada there are liberal Muslims. An 8 day old baby has no choice for a helmet which *was* healthier in medieval times @A2JamieMac]]></document>
		<document><![CDATA[@REITCanada atheism is a belief, yes; not a religion. It has no institutions, no temples, no doctrines or laws. @A2JamieMac]]></document>
		<document><![CDATA[@REITCanada you're ignoring that Christians won't give control  to women's bodies and Jews practice genital mutilation. @A2JamieMac]]></document>
		<document><![CDATA[@vancouvercre you're okay with SROs? You're okay with slums? Really? You're okay with that?! @chinatownspirit @mtnbvan @jhwfung]]></document>
		<document><![CDATA[@vancouvercre you don't understand the word. Beautification or development =\= gentrification. https://t.co/542aRheiyn @mtnbvan @jhwfung]]></document>
		<document><![CDATA[No! Gentrification is a process of planned displacement of an existing community - it erases history, character &amp; v… https://t.co/UkMVBpB8vB]]></document>
		<document><![CDATA[@vancouvercre why do city planners aid &amp; professionalize development rather than planning &amp; aiding neighbours to do it for themselves?]]></document>
		<document><![CDATA[@vancouvercre why don't city planners create a framework that would incentivize development that benefits communities and neighbourhoods?]]></document>
		<document><![CDATA[@vancouvercre the bigger question is: why does the city incentivize displacement and gentrification?!]]></document>
		<document><![CDATA[@vancouvercre Gentrification isn't improving their neighbourhood or beautification. It's planned displacement. It's at odds with community]]></document>
		<document><![CDATA[@vancouvercre @mtnbvan @jhwfung solution: introduce an #LVT, rent capture to a common fund and give incentive for community development.]]></document>
		<document><![CDATA[And share of civic contributions dividends for renters too. Landowners should commonly share their profits https://t.co/ES66C22yip]]></document>
		<document><![CDATA[@REITCanada @A2JamieMac where's the hotline to report teachers of superstition and fictions that obscure facts all in the name of God?]]></document>
		<document><![CDATA[@REITCanada @A2JamieMac that there are virgins awaiting the righteous in heaven. They all pretty good stories, but none should be defended]]></document>
		<document><![CDATA[@REITCanada we should shame those adults that teach children that some ppl are chose, others aren't; that he ascended to heaven @A2JamieMac]]></document>
		<document><![CDATA[@REITCanada it would be more useful to shame all 3 Abrahamic faiths. Adults in 2017 still believing in a god above? Realny? @A2JamieMac]]></document>
		<document><![CDATA[@RChrisSalmon if you're gunna do it – do it right ⭐️✨😉]]></document>
		<document><![CDATA[@RChrisSalmon James Baldwin asserts that in Europe pre New world there were no "white" people. Slavery is older than black/white isn't it?]]></document>
		<document><![CDATA[@RChrisSalmon Wow - I'm far more hopeful. My hope is that historians aren't writing about how Marxists exercised US… https://t.co/uXJ0GWdeM2]]></document>
		<document><![CDATA[@RChrisSalmon @DegenRolf hahaha - Your photograph resembles a *man* and not a pink kitten that needs strokin' via 140 characters]]></document>
		<document><![CDATA[@RChrisSalmon I think that's what George is tryna get at, right? Except he - unlike you - is uncomfortable to admit… https://t.co/JcHboTWESd]]></document>
		<document><![CDATA[@RChrisSalmon haha - you're probably right too - I guess I'm tryna be real, or least contemporary to our lives; my life specifically.]]></document>
		<document><![CDATA[#facts https://t.co/J9CSfY4S8W]]></document>
		<document><![CDATA[@RChrisSalmon the idea of the central gov fell with the USSR; it doesn't work. America's bloated gov has been holdi… https://t.co/ev6Nnwwqe3]]></document>
		<document><![CDATA[@RChrisSalmon @DegenRolf no one believes you tho Chris haha]]></document>
		<document><![CDATA[@respectfulchild @sammymarie y'all made me feel better for doing absolutely nada today. 🖤📈🎈✨]]></document>
		<document><![CDATA[Thomas Frank ftw https://t.co/iMWZO1vUOb]]></document>
		<document><![CDATA[The World is a Ghetto https://t.co/7RufHBFM6P]]></document>
		<document><![CDATA[@MargaretAtwood be prepared for Trudeau: pretend to be polite and nice while running biz as usual a la trump @ASteinJackter @wjackter]]></document>
		<document><![CDATA[@marilyntwelch is that one stretched canvas sitting on another and then on the wall?]]></document>
		<document><![CDATA[@TomiLahren only a fool would choose to exclusively use the left or right side of the body. As with the body, so with politics]]></document>
		<document><![CDATA[@morninggloria tolerance is fraught. imagine men "tolerated" women's equality. No. Women are equal. Fact. Zero tolerance.]]></document>
		<document><![CDATA[@YVRHousing impossible it could happen in Canada 😉]]></document>
		<document><![CDATA[@fabulavancouver refer to Jan Morris' writing about Vancouver years and years ago &amp; then triple? the Land price 😴 https://t.co/TPmSEy9fvL]]></document>
		<document><![CDATA[@iddqkfa this jogs my memory of a poem by Gerald Stern titled "progress &amp; poverty" https://t.co/40ioI1geze]]></document>
		<document><![CDATA[Everybody knows what they don't want, critics – hardly anyone knows what they actually want]]></document>
		<document><![CDATA[@WayneFougere the square adjacent to the Pompidou is good. Pompidou is good too]]></document>
		<document><![CDATA[@cduhaime Richard prince 😖]]></document>
		<document><![CDATA[@niitsitapii Adolf probably read Karl May - I think the photo has little to do with Nazi's or Germans tho… https://t.co/eL35zLkiKO]]></document>
		<document><![CDATA[@niitsitapii where's the photo from?]]></document>
		<document><![CDATA[@niitsitapii what's the back story here?!]]></document>
		<document><![CDATA[@Kamayaam over-regulated markets in Canada. Nothing new. 😉]]></document>
		<document><![CDATA[@noshortre I think you mean "religious ppl go to war."   @REITCanada]]></document>
		<document><![CDATA[@extravaganster I've not read Saussure. But I think a lot about illusions/failure of language. I'll look up sound images 🎤🖤🎶]]></document>
		<document><![CDATA[@IlliminatedJinx @ChrisSturr the political adjectives of "socialist" or "communist" also fail for similar reasons of historical baggage.]]></document>
		<document><![CDATA[@IlliminatedJinx @ChrisSturr I agree, "anarchism" isn't a good adjective for us who believe in community, cooperation, self-government.]]></document>
		<document><![CDATA[@IlliminatedJinx @ChrisSturr @Crahcker @RationalQuery @koreykuhl maybe you right, but so the dictionary is more rig… https://t.co/cLfreUOgns]]></document>
		<document><![CDATA[👆🏽old facts. link in bio for new facts. 🐔🦎Unofficial lunch at 221aweee on Feb 11, 2017. Cash is… https://t.co/m77e5tgwAL]]></document>
		<document><![CDATA[@extravaganster also written letters - roman characters - are arbitrary signifiers for sounds. This isn't true for all languages.]]></document>
		<document><![CDATA[@kenneth_mno both are hodge lodge postmodern neo-classical blight. So ugly 😖 @Christina_Mae_1]]></document>
		<document><![CDATA[That these elements combined have political or social or other content should be self-evident.]]></document>
		<document><![CDATA[The facts of material, colour, form, surface, shape, volume, space, scale, proportion, media are the content of visual art]]></document>
		<document><![CDATA[@DAWncerny is evidence of quickness in artworks a positive?]]></document>
		<document><![CDATA[@DAWncerny there's evidence of quickness and joy in what?]]></document>
		<document><![CDATA[I love it when I can't locate an someone's intention. When I can't locate a good reason why an object or an idea became, I'm grateful]]></document>
		<document><![CDATA[I like Mark's work because I have no idea what he wants to say with it. Insider artists' are trained to state their intentions...]]></document>
		<document><![CDATA[A work that has vision and is interesting to me? That's rare. It's usually not inside the echo chambers of the art world]]></document>
		<document><![CDATA[insider/outsider art isn't really a big question to insiders like me. I  just know there's too much insider art: most of it is crap too]]></document>
		<document><![CDATA[Mark DeLong in VICE running his mouth - https://t.co/Ov2DDnM9yA @markdelongo]]></document>
		<document><![CDATA[@theebonycyborg @MrYardBug @Hood_Biologist The split you're making is between basic research and applied science. D… https://t.co/u1TcXou7p7]]></document>
		<document><![CDATA[@AliceTeller country wide?]]></document>
		<document><![CDATA[@CollectivistaX some numbers  here: https://t.co/PWrWaCpuq2]]></document>
		<document><![CDATA[@CollectivistaX to be fair, residential property tax is only 0.32% - still a revenue of $1.5b tho @fabulavancouver @CityofVancouver]]></document>
		<document><![CDATA[@fabulavancouver so at ~1% property tax, COV should pull in $4.2 billion in tax revenue - well above its $1.32 bill… https://t.co/XqQNNACV9S]]></document>
		<document><![CDATA[I wish it really were a Land giveaway (imagine?!) Washington DC is divesting control over Federal and public Land t… https://t.co/0vIhk0qd5F]]></document>
		<document><![CDATA[@iddqkfa between this and the oil pipe news, land should be everybody's key word.]]></document>
		<document><![CDATA[@jonsterling going back to Lenin? Is that neo communist? Or is it like make America great... @AWorthierClock]]></document>
		<document><![CDATA[Points for primary colours https://t.co/dgpTYZdzFV]]></document>
		<document><![CDATA[The world is so big. Life is so short. Enjoy the time and space]]></document>
		<document><![CDATA[@iddqkfa @bufordsharkley Malcolm X clarifies - persuasively enough for me - when and how to use physical force: https://t.co/vhE03P55gD]]></document>
		<document><![CDATA[@CndSocialist the problem is that gov is so large so labyrinthine, so slow that it cannot keep up with free markets or the people.]]></document>
		<document><![CDATA[@CndSocialist they are good jobs but in the service of whom? Trudeau and Trump? The bureaucracy represents whose agenda? The people? Ya rite]]></document>
		<document><![CDATA[@bufordsharkley @iddqkfa Sartre isn't wrong. He's just too distant from North America's challenges to take to heart… https://t.co/eNo8Ujogtx]]></document>
		<document><![CDATA[@CndSocialist @CarlBeijer you're right. I'm not against all government. Large centralizations of power like Ottawa and DC however? Come on]]></document>
		<document><![CDATA[The misapplication of high tax to income (low tax to Land) and the misallocation of taxes to Fed/Prov is also centr… https://t.co/NZpXyQIVhU]]></document>
		<document><![CDATA[It's not housing that's expensive in #VanRE: it's Land that expensive. Who owns Land, how and why is the only discu… https://t.co/PMi5dq3GcV]]></document>
		<document><![CDATA[Next time you think Canada is better than the USA remind yourself of how we do business: https://t.co/8OGcKSIRhh]]></document>
		<document><![CDATA[@Bill_McCreery our low land tax benefits those who own land. Zoning is important but land is -literally- the underl… https://t.co/MaZTYALT54]]></document>
		<document><![CDATA[@Bill_McCreery the underlying issue is Land. The tax on owning land is low. It's ripe territory for speculation. @BrendanDawe]]></document>
		<document><![CDATA[@Bill_McCreery hardly. Buying up land plots is a speculative move; spot rezoning is a step on the profit/development chain. @BrendanDawe]]></document>
		<document><![CDATA[@Bill_McCreery stop what? Upzoning or speculation? @BrendanDawe]]></document>
		<document><![CDATA[@BrendanDawe it's an old neighbourhood &amp; it's bad cuz it resembles a city from da 1950s. It's 2017 @Bill_McCreery @Lanefab @GRIDSVancouver]]></document>
		<document><![CDATA[@MarketUrbanism hideous crap. It's building, not architecture. It makes whole cities of ppl depressed @alexbozikovic @Urban_Toronto]]></document>
		<document><![CDATA[@AnneWHilborn science is better understood and easier to instrumentalize than arts. Art's knowledge hasn't accumulated either]]></document>
		<document><![CDATA[@DoctorZen so universities get grant $$$ from the EPA you mean? @VetOfTheWild]]></document>
		<document><![CDATA[@AnneWHilborn and as in science, basic research in art is difficult to fund. Almost impossible.]]></document>
		<document><![CDATA[@AnneWHilborn i see. That's too bad. I wonder because Arts Council's are generally arms length &amp; can disburse grants at arms length too]]></document>
		<document><![CDATA[@VetOfTheWild I'm totally pro funding basic research from the gov. But I'm wondering why it's so directly tied to the gov? @DoctorZen]]></document>
		<document><![CDATA[@AnneWHilborn I'm with you. It's important. I guess I'm just wondering why the EPA isn't more arms length from the gov, you know?]]></document>
		<document><![CDATA[@AnneWHilborn is the gov neutral tho? Don't central govs have agendas?]]></document>
		<document><![CDATA[@BrendanDawe @rwittstock @ahvancouver @vb_jens @GRIDSVancouver it's as orange as Donald Trump's skin tone]]></document>
		<document><![CDATA[@VetOfTheWild wouldn't science do better at arms length of the government? @EricHolthaus @AnneWHilborn @biocuriosity]]></document>
		<document><![CDATA[@VetOfTheWild Should the gov be conducting science? Or would science do better with out gov? @EricHolthaus @AnneWHilborn @biocuriosity]]></document>
	</documents>
</author>