<author lang="en">
	<documents>
		<document><![CDATA[@JulesWhovian @teepartyangel @gigirules7 Also, 👋 fellow Whovian!]]></document>
		<document><![CDATA[@JulesWhovian @teepartyangel @gigirules7 *takes a bow*]]></document>
		<document><![CDATA[@Lil_Henstridge Shouldn't fashion be in quotes?  😜]]></document>
		<document><![CDATA[Children don't need to be potty trained.  They'll just do it on their own when they're ready.

#alternativefacts]]></document>
		<document><![CDATA[I really want to see Shen Yun, now that I know that it translates to "F*ck Tr*mp"!

#alternativefacts]]></document>
		<document><![CDATA[@bessbell @Pulpiteer As it should be, because we all know that if one white person is bad, they're ALL bad.  #stopandfrisk #revokewhitevisas]]></document>
		<document><![CDATA[@thehoodneuro To be fair, wasn't my idea.  Copied and pasted from someone else's post.]]></document>
		<document><![CDATA[@sethshaffer I happened upon them at Langley AFB.  They are uh-may-zing!]]></document>
		<document><![CDATA[My baby boy (2 mo old) laughed at the faces I made at him for the first time. #NowThatsJustSatisfying]]></document>
		<document><![CDATA[@sethshaffer @HashtagRoundup That sounds pretty epic, especially now that they have Dunkin Donuts coffee flavored Pop Tarts!]]></document>
		<document><![CDATA[@teepartyangel @gigirules7 In that case, apparently Janice in HR DOES give a f*ck!]]></document>
		<document><![CDATA[@thehoodneuro Look at my most recent FB post.]]></document>
		<document><![CDATA[#BackwardsThinkingIs apparently in vogue now.]]></document>
		<document><![CDATA[@thehoodneuro We've waited and we've seen.  He needs to be stopped.  #AnyMeansNecessary]]></document>
		<document><![CDATA[@RepRaskin @wilw This is disgusting.  Trump must be stopped!  #anymeansnecessary]]></document>
		<document><![CDATA[@realDonaldTrump Sally Yates did NOT betray the Justice Department.  YOU betrayed the American people.]]></document>
		<document><![CDATA[@realDonaldTrump You, sir, are a fucking coward.  You will not get your way.  There will be ARMED resistance.

https://t.co/pMJw1HIDTG]]></document>
		<document><![CDATA[#ItWasSoAwesome When Matt Smith was the Doctor. @bbcdoctorwho Peter is awesome, but Matt is my favorite.]]></document>
		<document><![CDATA[@Kiyapple_ May the gods help us all.]]></document>
		<document><![CDATA[@charley_ck14 I just want reparations from my parents for all of the alternative facts I told them as a child and got punished for!]]></document>
		<document><![CDATA[#ItWasSoAwesomeWhen The EC voted a narcissistic demagogue into the WH...you know, the very thing it's designed to prevent.]]></document>
		<document><![CDATA[#ITakeMyCoffeeWith chocolate and a lot of sweetness, like my women.  Yes, ladies, I'm taken, yes, she's black, and yes, she'll cut me.]]></document>
		<document><![CDATA[@Pippincp @gigirules7 Dude, the way it's going, I need luck TODAY.  Gravity's kicking my ass today!]]></document>
		<document><![CDATA[This is VERY IMPORTANT.  I'm proud to have been part of this film.

https://t.co/tdzRrGj0mx]]></document>
		<document><![CDATA[@gigirules7 That's why I refuse to wear a bra on Fridays.]]></document>
		<document><![CDATA[@Lyft what is it with people trying to send unaccompanied minors with Lyft drivers?]]></document>
		<document><![CDATA[@justicedems THANK YOU!  Sorry, but it's about time!]]></document>
		<document><![CDATA[@realDonaldTrump Also, just a reminder to you and your supporters...

https://t.co/Xq19psy2EA]]></document>
		<document><![CDATA[@realDonaldTrump Are you serious?!?  MY day of patriotic devotion was the last 20 years of my military career!

https://t.co/C2d9xslofr]]></document>
		<document><![CDATA[@thehoodneuro And you should invite me over to have several beers and read it to you.]]></document>
		<document><![CDATA[@Becky_DiStefano @gigirules7 You hush your face!  😜 https://t.co/EM8E2ekUbt]]></document>
		<document><![CDATA[@Becky_DiStefano @gigirules7 Well, OK, point taken, but still.  Not what *I* want to hear!  😜]]></document>
		<document><![CDATA[@GFTrace Ok cool.  Was wondering.  Seemed like a typical saccharine kids movie.]]></document>
		<document><![CDATA[@Becky_DiStefano @gigirules7 Yeah, but the diagnosis is always, "You're a blockhead!"]]></document>
		<document><![CDATA[@GFTrace LOL Was it that bad?]]></document>
		<document><![CDATA[@wilw Wife and I like exactly ONE country song.  "Bad Things" by Jace Everett.  We all know why.]]></document>
		<document><![CDATA[@LaurenJLitt Their Moscato is legit.]]></document>
		<document><![CDATA[@KeshaTedder Grrrrrl, I wear stretch pants even if there isn't cake!  😜]]></document>
		<document><![CDATA[@KeshaTedder Where is it?  I'm going!]]></document>
		<document><![CDATA[@ABDUL_IS_ANGRY BEECUZ YOO IS REFYOOZ MAYKE PEE PEE ON HE FAYCE!]]></document>
		<document><![CDATA[#POTUSLastTweet

And yes I took ALL the towels!]]></document>
		<document><![CDATA[#POTUSLastTweet This is Trump.  I've taken over the POTUS account, and I have tiny hands and like it when girls pee on me. *snicker*]]></document>
		<document><![CDATA[@gigirules7 Is the only prescription More Cowbell?]]></document>
		<document><![CDATA[@LauraGBradbury I'd just give them a heads up.]]></document>
		<document><![CDATA[@clarkgregg #AgentsofSHIELD I'm curious - does Coulson's arm have a built in @fitbit?]]></document>
		<document><![CDATA[Just remember that if you think you're the ultimate badass, wasps can stab people with their butt.

Can YOU stab people with YOUR butt?]]></document>
		<document><![CDATA[#ThingsIdRatherDoThanWatchTheInauguration

Masturbate for four hours while wearing cactus gloves.]]></document>
		<document><![CDATA[Need a @Lyft??  Get a discount with the code ActorBrianCutter !]]></document>
		<document><![CDATA[@jk_rowling Playing with my toddler, I pointed a "wand" (one of his toys) at him, shout, "Expelliarmus!" and he fell over backwards?!? 😂]]></document>
		<document><![CDATA[@HamillHimself Pls pls pls keep reading Trump's tweets! It'll help keep the next four years bearable!]]></document>
		<document><![CDATA[@gigirules7 Why not?  We already replaced most of Congress, as well as the POTUS, with clowns.]]></document>
		<document><![CDATA[@realDonaldTrump No, you mocked a disabled reporter, you stupid orange piece of human shit.  Resign the office.  You don't deserve it.]]></document>
		<document><![CDATA[Check out Color Positive here and on facebook!  Great place for movie buffs! https://t.co/BYTyfdO4Ja]]></document>
		<document><![CDATA[@gigirules7 Thanks!  That's just a sample.]]></document>
		<document><![CDATA[@gigirules7 Mine is to get back to Venice, Belize, Cartagena, and Spain.]]></document>
		<document><![CDATA[@l_krishnan @thehoodneuro @Lerona1974Hicks Been seeing these.  Keeping my mouth shut on Twitter, but dying laughing IRL.]]></document>
		<document><![CDATA[@DrDreddyMurphy This from a racist conspiracy theorist.  (Mark Dice, I mean.)]]></document>
		<document><![CDATA[@emceekayvee @midnight #HealthierCelebs Huge Jackedman

@RealHughJackman]]></document>
		<document><![CDATA[#WeirdCrimeSprees Stealing Fred's Fruity Pebbles, because, you know, it's not like I can go to the store and buy my… https://t.co/qVx61WeEvI]]></document>
		<document><![CDATA[@alexrioscomedy And/or Trump/Pence stickers.]]></document>
		<document><![CDATA[Chief Inspector Clouseau, CIA Director

#BetterTrumpCabinetPicks]]></document>
		<document><![CDATA[@gigirules7 I see what you did there!

😏. Those are bomb ass cabinets tho.]]></document>
		<document><![CDATA[Scrooge MacDuck, Secretary of the Treasury

#BetterTrumpCabinetPicks]]></document>
		<document><![CDATA[George Custer, Bureau of Indian Affairs

#BetterTrumpCabinetPicks]]></document>
		<document><![CDATA[#BetterTrumpCabinetPicks

Ferris Bueller, Secretary of Education]]></document>
		<document><![CDATA[Bruce Wayne, Secretary of Defense

#BetterTrumpCabinetPicks]]></document>
		<document><![CDATA[Donald Trump for Secretary of the Treasury.

#BetterTrumpCabinetPicks]]></document>
		<document><![CDATA[Smaug, Department of Natural Resources

#BetterTrumpCabinetPicks]]></document>
		<document><![CDATA[@tommychong for Head of the DEA

#BetterTrumpCabinetPicks]]></document>
		<document><![CDATA[#BetterTrumpCabinetPicks

Darth Vader: Chief of Staff]]></document>
		<document><![CDATA[#BetterTrumpCabinetPicks

The Toxic Avenger:  EPA Director]]></document>
		<document><![CDATA[#BetterTrumpCabinetPicks

Dr. Ben Carson: Secretary of Energy]]></document>
		<document><![CDATA[Hey @gigirules7, jump on this one:  

#BetterTrumpCabinetPicks]]></document>
		<document><![CDATA[@l_krishnan @thehoodneuro @Lerona1974Hicks @emceekayvee You guys gotta put the hashtag in to get it trending!]]></document>
		<document><![CDATA[#MusicAFriendsTwitterHandle

Boys in @thehoodneuro]]></document>
		<document><![CDATA[@l_krishnan @thehoodneuro @Lerona1974Hicks  @emceekayvee Let's play:

#BetterTrumpCabinetPicks
Lord Voldemort: Secretary of Education]]></document>
		<document><![CDATA[@gigirules7 "malfunctioned", huh?  That looks more like mechanical agitation.  😜]]></document>
		<document><![CDATA[@SpadesRSpades @gigirules7 Yeah, what's with the extra small coffee in the pic?  Amateurs!]]></document>
		<document><![CDATA[#IOverSleptBecause I didn't, actually, but if I don't get up, my PlayStation isn't going to play itself.]]></document>
		<document><![CDATA[@bigmacher @HashtagRoundup I'd have eaten ALL the money!]]></document>
		<document><![CDATA[@thatspecialgirl 😂😂😂 Yeah but you have to be 65 and older for that.  Not quite at the "get off my lawn" stage!  😜]]></document>
		<document><![CDATA[#IOversleptBecause I'm retired, and I can.]]></document>
		<document><![CDATA[#IOverSleptBecause I was on the couch with @ShannonMarlyse.  😉]]></document>
		<document><![CDATA[#YoureGettingOldWhen you don't recognize any of the songs on the latest Kids Bop commercial.]]></document>
		<document><![CDATA[Loving this chance to talk to Jane Jenkins! @AGRNYLA]]></document>
		<document><![CDATA[@Colorpositive1 Honestly, IMHO (and A New Hope was the first movie I ever saw in theaters), Rogue One is the best SW movie so far.]]></document>
		<document><![CDATA[A great page for movie buffs!  Check it out! https://t.co/6E8CF7JeVh]]></document>
		<document><![CDATA[@Colorpositive1 Oh that's easy.  Rogue One!]]></document>
		<document><![CDATA[@SpeakerRyan Also ask yourself why you deserve better healthcare than veterans, who've given more for this nation than you ever have.]]></document>
		<document><![CDATA[@SpeakerRyan U need to be very careful.  Ask urself why y'all deserve free healthcare, but avg Americans don't.1of2

https://t.co/uwNIPteYdC]]></document>
		<document><![CDATA[#ItsNotSoUnusual to ask someone if my handkerchief smells like chloroform, right?]]></document>
		<document><![CDATA[#MyThemeSongWouldBeCalled Gone in Sixty Seconds.  Oh, wait, no, that's my sex tape.]]></document>
		<document><![CDATA[#My2017DoomsdayBunker will have spots reserved for @Hooters waitresses and @NFL cheerleaders.]]></document>
		<document><![CDATA[@NFLRedZone was going for all 7 dominoes to fall for #TampaBay, just so I could see @ScottHanson drink a bottle of ketchup next year!]]></document>
		<document><![CDATA[@MitchellBader @KeshaTedder And it's always a disastrous result!]]></document>
		<document><![CDATA[#StarshipEnterpriseResolutions

To boldly go where I've never gone before.]]></document>
		<document><![CDATA[@AlikaHope Awesomesauce!  That's all that matters!  :)]]></document>
		<document><![CDATA[@BatchelderLB What about Ride of the Valkyries?]]></document>
		<document><![CDATA[@realDonaldTrump Congratulations on your upcoming coronation, King Joffrey.  Will it be known as the Orange Inauguration?]]></document>
		<document><![CDATA[@AlikaHope Ouch!  Sorry for that.  Did everything work out in the end tho?]]></document>
	</documents>
</author>