<author lang="en">
	<documents>
		<document><![CDATA[@Crenshaw2020 @DirkWhatley736 @m1xzg @AP @realDonaldTrump "Portlandia" checks in 😂😂]]></document>
		<document><![CDATA[@BrittPettibone Wrongthink.]]></document>
		<document><![CDATA[@m1xzg @DirkWhatley736 @AP @realDonaldTrump @WhiteHouse Worry about your own country, lumpy.]]></document>
		<document><![CDATA[@nbcwashington They forgot to add his picture. https://t.co/aNruGtS4iF]]></document>
		<document><![CDATA[@Reuters Facebook making tons of money selling the personal info and habits of their users 😂]]></document>
		<document><![CDATA[@AP @dbauder Using Snopes as a verification source is the most absurd thing listed.]]></document>
		<document><![CDATA[@UpperLowerClass Toyota's quality has gone to shit. Great engines wrapped in hot garbage.]]></document>
		<document><![CDATA[@Cernovich @Trump_Landslide @funder That stooge has direct ties to Soros. If you want a new project, he's it.]]></document>
		<document><![CDATA[@JedediahBila Smug vs Insane. Should be a good one.]]></document>
		<document><![CDATA[@CNN So you're saying it shouldn't happen again?]]></document>
		<document><![CDATA[@PrisonPlanet To them it is.]]></document>
		<document><![CDATA[@WNEP @boyscouts What about 40-year-old men who identify as children?  Are they allowed to join?]]></document>
		<document><![CDATA[@RRMGOP @POTUS @JusticeNGorsuch You keep promoting a fake account for Gorsuch.]]></document>
		<document><![CDATA[@GOPViceChairman @WashTimes Who is running the official Twitter account?  They keep promoting a fake Gorsuch account.]]></document>
		<document><![CDATA[@GOP @JusticeNGorsuch Why do you keep copying this account?  It's fake and has been suspended.]]></document>
		<document><![CDATA[@KLSouth And never allow them back into the circle of influence.]]></document>
		<document><![CDATA[@WNEP Do we have a description of the robbers?]]></document>
		<document><![CDATA[@nytimes You're really the dregs of humanity.]]></document>
		<document><![CDATA[@JillianBlazek Sounds like it was the highlight of your life. You should frame the tweet, it's a nice memento of America's greatest POTUS.]]></document>
		<document><![CDATA[@JillianBlazek @CassandraRules Your bigotry is unacceptable in the current year.]]></document>
		<document><![CDATA[@CassandraRules This type of bigotry is unacceptable in the current year.]]></document>
		<document><![CDATA[@JillianBlazek @CassandraRules Fat-shaming in 2017? SMH 🤦‍♂️]]></document>
		<document><![CDATA[@jk_rowling Self-awareness score: 0]]></document>
		<document><![CDATA[@NolteNC Build a safe zone for them on Pelosi's vineyard.]]></document>
		<document><![CDATA[@JimNorton Was it disappointing to find out that he has the IQ of a turnip?]]></document>
		<document><![CDATA[@nytimes After unanimously approving him 10 years ago...]]></document>
		<document><![CDATA[@DavidLimbaugh They can't win this game. https://t.co/U6THM4m6Fa]]></document>
		<document><![CDATA[@AndyKindler SCOTUS already has too many Jews.]]></document>
		<document><![CDATA[@crypticcondor @charlescwcooke Translation: "We've been wrong for nearly 2 years."]]></document>
		<document><![CDATA[@ChrisRBarron If the results don't justify the narrative, lie.]]></document>
		<document><![CDATA[@CBSNews @wbrewyou Tough.]]></document>
		<document><![CDATA[@UghToHillary @Agoraks He "reads", surely he knew that already 😂😂]]></document>
		<document><![CDATA[@nurraaah We would but you don't use toilet paper.]]></document>
		<document><![CDATA[@CNN Take their federal funding.]]></document>
		<document><![CDATA[@GOP @JusticeNGorsuch That's not a verified account, hopefully you did your DD.]]></document>
		<document><![CDATA[@StephenKing @VP You're 1/2 right.]]></document>
		<document><![CDATA[@ramzpaul The left never gets sick of making stuff up.]]></document>
		<document><![CDATA[@ramzpaul He's safe, they're bad at math.]]></document>
		<document><![CDATA[@ramzpaul Silicon Valley is the biggest abuser of the H1b. Time for them to hire American or pay up.]]></document>
		<document><![CDATA[@exjon Hopefully the #NeverTrump crowd can see the big picture now.]]></document>
		<document><![CDATA[@Agoraks Sorry Spergy, you lose again. https://t.co/3KivgcFhWd]]></document>
		<document><![CDATA[@Agoraks "Derpa derpa derrrr!"  What the hell does a veto have to do with SCOTUS? 😂 Read harder.]]></document>
		<document><![CDATA[@HarryHawkings Repetition... https://t.co/3KivgcFhWd]]></document>
		<document><![CDATA[@Agoraks @TuckerCarlson @tedcruz @FoxNews Your comprehension is awful. https://t.co/NwUgB30OHn]]></document>
		<document><![CDATA[@Agoraks @TuckerCarlson @tedcruz @FoxNews You seem really informed.]]></document>
		<document><![CDATA[@TuckerCarlson @joseiswriting He finally got something right.]]></document>
		<document><![CDATA[@Agoraks @TuckerCarlson @tedcruz @FoxNews Nope. Trump will counter with the nuclear option and then you better PRAY RBG stays healthy.]]></document>
		<document><![CDATA[@DLoesch #BakeTheCake]]></document>
		<document><![CDATA[@HarryHawkings I don't get triggered, I'm not a window-licking Sperg. Enjoy the next 8 years!]]></document>
		<document><![CDATA[@RonWyden Bake the cake.]]></document>
		<document><![CDATA[@Anncostanza1 @BRADALL76027393 Don't they have to get up early for work tomorrow?]]></document>
		<document><![CDATA[@BernieSanders How's the new house?]]></document>
		<document><![CDATA[@colinflaherty Without Affirmative Action that same student is making the complaint at a JUCO.]]></document>
		<document><![CDATA[@HarryHawkings @JenniferJJacobs Garland is gone. Obama is gone. Hillary is gone. Let it go.]]></document>
		<document><![CDATA[@CBSNews Why did he vote for him the first time?]]></document>
		<document><![CDATA[@TuckerCarlson @tedcruz @FoxNews Dems trying to figure out how to block Gorsuch https://t.co/s6L4kVIgGa]]></document>
		<document><![CDATA[@tribelaw You haven't been right in 4 1/2 years.]]></document>
		<document><![CDATA[@tribelaw You're batting 1.000 this year! 😂😂😂]]></document>
		<document><![CDATA[@nytimes My coincidence detector is going off 🚨]]></document>
		<document><![CDATA[@hope4cali665 @Askrigglad @CNN You have to go back.]]></document>
		<document><![CDATA[@hope4cali665 @Askrigglad @CNN Nope. We're going to keep pointing out the lies.]]></document>
		<document><![CDATA[@realDonaldTrump Keep up the great work, Mr. President!!! 🇺🇸]]></document>
		<document><![CDATA[@seanhannity @realDonaldTrump NRO and Weekly Standard are obsolete. Nobody cares.]]></document>
		<document><![CDATA[@VICE That's not a tank, it's a Stealth Bomber.]]></document>
		<document><![CDATA[@washingtonpost We're winning BIG LEAGUE! 😂😂😂]]></document>
		<document><![CDATA[@mrstudiomucci @TomiLahren That's a woman. Your confusion is understandable.]]></document>
		<document><![CDATA[Now accepting applications to join the Deportation Force®. https://t.co/ZDUJGSlJIp]]></document>
		<document><![CDATA[@vpostrel @exjon Like the nonexistent "separation of church and state"?]]></document>
		<document><![CDATA[As long as Sessions is confirmed, the rest of the appointments don't matter too much.]]></document>
		<document><![CDATA[@RealJamesWoods @townhallcom Which one?]]></document>
		<document><![CDATA[Every low-grade retarded housewife from Facebook is on Twitter now. This place turned into virtual pussy hat.]]></document>
		<document><![CDATA[@stranahan Graham is used to low blows...]]></document>
		<document><![CDATA[@withwhatrapture @bakedalaska He was sucker punched. I fail to see the point you're attempting to make.]]></document>
		<document><![CDATA[@DLoesch That's SCOTUS if Hillary won.]]></document>
		<document><![CDATA[@Rockprincess818 My contact in the Nigerian government says that immune to such things.]]></document>
		<document><![CDATA[@SeeDaneRun @AnthonyCumia Dane, Anthony isn't the greatest looking guy but you look like a cartoon character.]]></document>
		<document><![CDATA[@WilliamMarshal0 @graemenrodgers @AP This guy is a clown. Just make fun of him and block.]]></document>
		<document><![CDATA[@bakedalaska I think Spencer is a poseur but what happened to him was uncalled for.]]></document>
		<document><![CDATA[@3_Blind_Moose @AP What "Froggy face"?  Are you a weetawt?]]></document>
		<document><![CDATA[@realEmilyYoucis It was 10 million up until the 1960s, then they went "Whoops, off by 4 million". You know, give or take a few million 🙄]]></document>
		<document><![CDATA[@AP They need to launch the Deportation Force®]]></document>
		<document><![CDATA[@DanaPerino @RyanSeacrest Coming out of a bathhouse.]]></document>
		<document><![CDATA[@kayvz @AmericanSoWoke We're coming after the H1b visa abuse. Get nervous.]]></document>
		<document><![CDATA[@margssister I just realized you're another fucking foreigner. Is it boring in Canada?  You fuckers are obsessed with us.]]></document>
		<document><![CDATA[@margssister Right. But that's not what they did. They signed a letter OPENLY DISAGREEING. Replace them.]]></document>
		<document><![CDATA[@margssister WRONG. It's a JOB. Either do the job or you'll be replaced.]]></document>
		<document><![CDATA[@charlescwcooke Trump is a purity test. Ideologues get sucked down the rabbit hole.]]></document>
		<document><![CDATA[@JimNorton At least you'll get laid now.]]></document>
		<document><![CDATA[@JackPosobiec It sounds like they're abusing the H1b visa program.]]></document>
		<document><![CDATA[@periscopeco It's nice to see you admit that you're abusing the H1b visa program.]]></document>
		<document><![CDATA[@yeschrisyes @Reuters No one signed a "dissent letter" on his watch, derper.]]></document>
		<document><![CDATA[@KTHopkins Leftists must be purged from academia.]]></document>
		<document><![CDATA[@yeschrisyes @Reuters It's no different than cleaning house at any other company. Obama loyalists need to go.]]></document>
		<document><![CDATA[@CNN Perfect place for it. https://t.co/M8W3Ju0ann]]></document>
		<document><![CDATA[@JimNorton @glennsumi @grahnort Surely, you can't be serious?]]></document>
		<document><![CDATA[@Reuters Fire them.]]></document>
		<document><![CDATA[@BraddJaffy Newsflash: You aren't the center of the universe.]]></document>
		<document><![CDATA[@Pat_Garofalo @usnews The "nuclear option" will be the response, derper.]]></document>
		<document><![CDATA[Neil Gorsuch is a solid pick and the Dems will have a hard time justifying a 'no' vote.]]></document>
		<document><![CDATA[@Reuters They can't stop it 😂😂😂]]></document>
	</documents>
</author>